제목,저자,가격,태그,Link
트렌드 코리아 2026,"김난도, 전미영, 최지혜, 권정윤, 한다혜, 정보 더 보기/감추기, 김난도, 전미영, 최지혜, 권정윤, 한다혜, 이혜원, 이수진, 서유현, 전다현, 이준영, 이향은, 김나은",18000,이달의굿즈,http://www.yes24.com/product/goods/153064968
절창 切創,구병모,16200,사랑의의미,http://www.yes24.com/product/goods/153497469
호의에 대하여,문형배,16920,삶의의미,http://www.yes24.com/product/goods/152298374
흔한남매 20,"흔한남매, 백난도, 유난희, 흔한컴퍼니",15120,유튜브크리에이터,http://www.yes24.com/product/goods/153711876
비트코인 없는 미래는 없다,"오태민, 손혜민, 김유정",27900,이달의굿즈,http://www.yes24.com/product/goods/153777837
작은 일기,황정은,12600,김어준의뉴스공장수요북클럽,http://www.yes24.com/product/goods/148546669
위버멘쉬,프리드리히 니체,16020,크레마클럽에있어요,http://www.yes24.com/product/goods/142972546
시대예보: 경량문명의 탄생,송길영,19800,이달의굿즈,http://www.yes24.com/product/goods/152644797
렛뎀 이론,"멜 로빈스, 윤효원",18000,삶의기술,http://www.yes24.com/product/goods/149739762
박곰희 연금 부자 수업,박곰희,18900,똑똑하게투자하기,http://www.yes24.com/product/goods/148032819
혼모노,성해나,16200,한국문학의미래가될젊은작가,http://www.yes24.com/product/goods/143911524
어른의 행복은 조용하다,태수,16020,행복해지고싶은당신에게,http://www.yes24.com/product/goods/136298166
더 트릭컬,"폴빠, Aka, Loar, (주)에피드게임즈",19800,,http://www.yes24.com/product/goods/154340616
모순,양귀자,11700,예스미츠에소개된책,http://www.yes24.com/product/goods/8759796
오늘이 내일을 데려올 거야,"에린 엔트라다 켈리, 고정아",16200,위로와응원,http://www.yes24.com/product/goods/154092979
ETF 투자의 모든 것,문일호,18900,주식투자입문,http://www.yes24.com/product/goods/150166715
다크 심리학,다크 사이드 프로젝트,19710,관계거리두기,http://www.yes24.com/product/goods/149658696
류수영의 평생 레시피,류수영,22500,스타레시피,http://www.yes24.com/product/goods/148068039
조용한 회복,박재연,19800,슬픔을노래하다,http://www.yes24.com/product/goods/153259638
편안함의 습격,"마이클 이스터, 김원진",19800,사회비판,http://www.yes24.com/product/goods/147570099
지금처럼 영원히 함께해,배정애,23850,팬심,http://www.yes24.com/product/goods/154828685
"2025 큰별쌤 최태성의 별별한국사 기출 500제 한국사능력검정시험 심화(1,2,3급)",최태성,17550,한능검,http://www.yes24.com/product/goods/140231250
팩트풀니스,"안나 로슬링 뢴룬드, 올라 로슬링, 한스 로슬링, 이창신",21420,빌게이츠추천,http://www.yes24.com/product/goods/132226737
"2025 큰별쌤 최태성의 별별한국사 한국사능력검정시험 심화(1,2,3급) 하",최태성,14400,분철,http://www.yes24.com/product/goods/140199263
