Title,Description
"손예진, ♥현빈에게도 보여줬는데…""장어 때문에 패닉 올 뻔""('어쩔수가없다') [인터뷰①]","'어쩔수가없다' 손예진이 첫 촬영인 장어신에 박찬욱 감독의 디테일한 디렉팅으로 인해 머리가 복잡해졌다고 회상했다. 최근 서울 소격동의 한 카페에서 영화 '어쩔수가없다'에 출연한 배우 손예진을 만났다. '어쩔수가없다'는 25년간 제지회사에 근무한 만수(이병헌 분)가 갑작스레 해고당한 후 재취업하기 위해 고군분투하는 이야기. 손예진은 남편 만수의 실직에 취미를 관두고 생활 전선에 뛰어든 미리 역을 맡았다. 남편 현빈과 일 얘기는 거의 안 한다는 손예진. 하지만 이번 작품은 출연 제의가 왔을 때 시나리오를 보여줬다고 한다. 손예진은 ""처음 받은 시나리오와 디벨롭된 시나리오에서 미리 캐릭터나 상황이 조금씩 달라졌다. 이 책을 닫고 서사가 강렬했다. 박찬욱 감독님이 주신 시나리오인데 처음에는 평온한 가족의 이야기라서 의심했다. '공동경비구역 JSA'로 돌아가셨나 했다""며 웃었다. 이어 ""그런데 역시나 (박찬욱 감독님다운 장면들이) 딱 나오면서 그림이 그려지더라. 모순적이기도 하고 비꼬는 듯도"
웹툰 '히어로 킬러' 프랑스 애니메이션으로 재탄생…ADN과 계약,"웹툰 '히어로 킬러'가 프랑스 애니메이션으로 만들어진다. 웹툰 제작사 재담미디어는 1일 유럽 애니메이션 제작사 겸 플랫폼인 ADN과 웹툰 '히어로 킬러' 애니메이션 제작을 위한 계약을 체결했다고 밝혔다. '히어로 킬러'는 언니를 죽인 히어로를 찾아 복수하려는 주인공 이화가 킬러가 돼 매일 밤 영웅을 사냥하는 이야기를 담았다. 네이버웹툰에서 연재 중이며, 학원·액션 장르 가운데 23위(1일 기준)에 올랐다. ADN은 프랑스를 비롯해 유럽 여러 나라에 애니메이션 콘텐츠를 유통하는 플랫폼 회사이자 제작사다. 황남용 재담미디어 대표이사는 ADN과의 계약이 ""K-웹툰이 애니메이션으로 글로벌 시장에서 경쟁력을 입증하는 사례""라며 ""앞으로도 다양한 플랫폼 및 스튜디오의 협력을 통해 K-웹툰의 글로벌 영향력을 지속 확대해 나가겠다""고 밝혔다."
'보스'에 '어쩔수가없다' 배우가? 조우진과 의리 지킨 '이 사람' [N이슈],"영화 '보스'(감독 라희찬)가 추석 연휴 유일한 가족 코미디 영화로 기대감을 주는 가운데, 영화 속에 등장하는 예상 못 한 한 배우의 존재감이 눈길을 끈다. '보스'는 조직의 미래가 걸린 차기 보스 선출을 앞두고 각자의 꿈을 위해 서로에게 보스 자리를 치열하게 양보하는 조직원들의 필사적인 대결을 그린 코믹 액션 영화. 배우 조우진이 차기 보스 0순위 조직의 이인자이지만 중식당 미미루로 전국구 평정을 꿈꾸는 순태를, 정경호가 조직 내 입지는 충분하나 운명처럼 만난 탱고에 인생을 건 차기 보스 유력자 강표, 박지환이 유일하게 보스를 갈망하지만, 그 누구도 보스감으로 여기지 않는 판호를 연기했다. 이번 영화는 90년대부터 2000년대까지, 그 시절 유행했던 '조폭' 캐릭터를 코미디의 소재로 사용한 작품이다. 웃음의 포인트는 이제는 구시대의 상징으로만 느껴지는 '조폭'들이 보스가 되지 않기 위해 고군분투하는 데서 나온다. 보스가 되는 일보다 오랫동안 몸 이끌어 온 중식당의 프랜차이즈 사업을"
"송지효, 매력적인 미모[★포토]",영화 '만남의 집' 의 배우 송지효가 1일 진행된 라운드 인터뷰를 위해 포즈를 취하고 있다. /2025.10.01 /사진제공=(주)마노엔터테인먼트
"송지효, 영화 '만남의 집'으로 색다른 매력[★포토]",영화 '만남의 집' 의 배우 송지효가 1일 진행된 라운드 인터뷰를 위해 포즈를 취하고 있다. /2025.10.01 /사진제공=(주)마노엔터테인먼트
"송지효, 5년만의 스크린 복귀작 '만남의 집'[★포토]",영화 '만남의 집' 의 배우 송지효가 1일 진행된 라운드 인터뷰를 위해 포즈를 취하고 있다. /2025.10.01 /사진제공=(주)마노엔터테인먼트
"송지효 “김종국 아내 정보 아직 몰라, 나랑 결혼한다는 오해 죄송”(만남의 집)[EN:인터뷰③]","배우 송지효가 화제를 모았던 '김종국 극비 결혼식'을 언급했다. 송지효는 오는 10월 15일 개봉 영화 '만남의 집'(감독 차정윤)에 여성 교도소 베테랑 교도관 태저 역으로 출연한다. '만남의 집'은 15년차 FM교도관 태저의 인생 첫 오지랖이 만든 햇살 같은 인연을 그린 휴먼 드라마. 교도관, 수용자, 수용자의 딸 세 여성의 관계를 중심으로 부모가 부재한 아이에게 옳은 길을 제시하는 좋은 어른의 모습, 타인에 대한 관심으로 새로운 시작을 위한 용기가 가능함을 보여주는 작품이다. 특히 '만남의 집'은 예능, 영화, TV를 넘나들며 사랑받고 있는 송지효의 5년만 스크린 복귀작으로 관심을 모으고 있다. 여성 교도소 베테랑 교도관 태저 역을 맡은 송지효는 수용자의 딸 도영서(준영 역), 수용자 옥지영(미영 역)과 따뜻한 연대를 선보인다. 송지효는 1일 서울 중구 을지로 모처에서 진행된 뉴스엔과 인터뷰에서 김종국 결혼식과 관련된 질문을 받고 ""이건 오빠가 너무 예민해서""라며 조심스러운 반응"
"송지효 ""김종국 결혼 장난인 줄…어쩐지, 지예은 예뻐하더라"" [엑's 인터뷰]","배우 송지효가 절친한 동료 김종국의 결혼 소식을 들었을 때의 마음을 떠올렸다. 송지효는 1일 오후 서울 중구 을지로3가의 한 카페에서 열린 영화 '만남의 집'(감독 차정윤) 인터뷰에서 다양한 이야기를 전했다. '만남의 집'은 15년 차 FM교도관 태저(송지효 분)의 인생 첫 오지랖이 만든 햇살 같은 인연을 그린 휴먼 드라마를 담은 영화로, 송지효는 15년 차 FM 교도관 정태저 역을 연기했다. 2010년부터 SBS 예능 '런닝맨'에 출연 중인 송지효는 지난 8월 김종국이 '런닝맨' 멤버들에게 깜짝 결혼을 발표할 당시 누구보다 감격하고 기뻐하며 축하를 전하는 모습으로 화제를 모은 바 있다. 김종국은 9월 5일 비연예인 신부와 결혼식을 올렸다. 깜짝 발표를 비롯해 극비리에 진행된 결혼 과정 등으로 워낙 많은 관심을 얻었던 결혼식이었고, 김종국도 ""저의 결혼 소식으로 피로감을 드려 죄송하다""며 사과를 전하기도 했다. 송지효는 이날 취재진에게 김종국의 결혼식 비하인드 질문을 받았다. 김종국"
"속옷 CEO 송지효 “1~2개 판매 고백 후 직원들 스트레스, 내 생각만 했다”[EN:인터뷰②]","배우 송지효가 속옷 브랜드 CEO가 된 이유를 밝혔다. 송지효는 오는 10월 15일 개봉 영화 '만남의 집'(감독 차정윤)에 여성 교도소 베테랑 교도관 태저 역으로 출연한다. '만남의 집'은 15년차 FM교도관 태저의 인생 첫 오지랖이 만든 햇살 같은 인연을 그린 휴먼 드라마. 교도관, 수용자, 수용자의 딸 세 여성의 관계를 중심으로 부모가 부재한 아이에게 옳은 길을 제시하는 좋은 어른의 모습, 타인에 대한 관심으로 새로운 시작을 위한 용기가 가능함을 보여주는 작품이다. 특히 '만남의 집'은 예능, 영화, TV를 넘나들며 사랑받고 있는 송지효의 5년만 스크린 복귀작으로 관심을 모으고 있다. 여성 교도소 베테랑 교도관 태저 역을 맡은 송지효는 수용자의 딸 도영서(준영 역), 수용자 옥지영(미영 역)과 따뜻한 연대를 선보인다. 송지효는 1일 서울 중구 을지로 모처에서 진행된 뉴스엔과 인터뷰를 통해 태저를 연기하며 메이크업을 거의 하지 않았다고 밝혔다. ""눈썹만 그렸다""고 운을 뗀 송지효"
"CEO 송지효 '하루 속옷 주문량 한두 개' 토로 후…""그 때보단 매출 올라"" [엑's 인터뷰]","배우 송지효가 사업가로 발을 넓히며 느끼고 있는 심경을 털어놓았다. 송지효는 1일 오후 서울 중구 을지로3가의 한 카페에서 열린 영화 '만남의 집'(감독 차정윤) 인터뷰에서 다양한 이야기를 전했다. '만남의 집'은 15년 차 FM교도관 태저(송지효 분)의 인생 첫 오지랖이 만든 햇살 같은 인연을 그린 휴먼 드라마를 담은 영화로, 송지효는 15년 차 FM 교도관 정태저 역을 연기했다. 송지효는 본업인 배우로 영화 출연은 물론, SBS 예능 '런닝맨' 활약에 이어 최근 속옷 사업까지 다채로운 행보를 보이고 있다. 이날 송지효는 ""새로운 것에 좀 도전하고 싶었었다. '속옷'이라는 (사업 아이템) 생각만 하고 있다가, 내가 입고 싶고 입어서 편안한 속옷을 만들기 위해서는 전문가들이 필요하겠단 생각이 들더라. 진짜 전문가 분들과 손잡고 도전해보자 싶었다""고 운을 뗐다. 이어 ""제가 섬유 업계 이 쪽을 전혀 모르는데, 맨 땅에 헤딩을 했다. 건방지게들릴 수도 있겠지만, 20년 넘게 활동을 하면"
"송지효 “‘런닝맨’ 억텐+매너리즘 시기, ‘만남의 집’으로 치유받아”[EN:인터뷰①]","※ 본 인터뷰에는 스포일러가 포함돼 있습니다. 배우 송지효가 5년 만의 스크린 복귀작 '만남의 집'을 촬영하며 느낀 소회를 밝혔다. 송지효는 오는 10월 15일 개봉 영화 '만남의 집'(감독 차정윤)에서 여성 교도소 베테랑 교도관 태저 역으로 출연한다. '만남의 집'은 15년차 FM교도관 태저의 인생 첫 오지랖이 만든 햇살 같은 인연을 그린 휴먼 드라마. 교도관, 수용자, 수용자의 딸 세 여성의 관계를 중심으로 부모가 부재한 아이에게 옳은 길을 제시하는 좋은 어른의 모습, 타인에 대한 관심으로 새로운 시작을 위한 용기가 가능함을 보여주는 작품이다. 특히 '만남의 집'은 예능, 영화, TV를 넘나들며 사랑받고 있는 송지효의 5년만 스크린 복귀작으로 관심을 모으고 있다. 여성 교도소 베테랑 교도관 태저 역을 맡은 송지효는 수용자의 딸 도영서(준영 역), 수용자 옥지영(미영 역)과 따뜻한 연대를 선보인다. 송지효는 1일 서울 중구 을지로 모처에서 진행된 뉴스엔과 인터뷰를 통해 ""재작년 가"
"송지효 ""매너리즘 빠졌을 때 만난 '만남의 집', 억눌린 주인공 날 닮아""","배우 송지효가 영화 '만남의 집'을 찍을 때 매너리즘에 빠져 있었다며, 이 영화를 통해 매너리즘을 극복했다고 말했다. 송지효는 1일 오후 서울 중구 을지로 한 카페에서 진행된 영화 '만남의 집'(감독 ) 관련 뉴스1과의 인터뷰에서 ""'만남의 집' 시나리오를 받았을 때는 2년 전이었다, 그때 내가 살짝 일정한 패턴으로 촬영장에 가는 루틴에 조금 지쳐있을 때였다, 매너리즘에 빠졌던 시기였다""고 밝혔다. 이어 ""태저라는 캐릭터가 그때 당시의 나와 비슷하다는 생각이 들었다, 태저도 원래 (극 중 다른) 윤해리 교도관처럼 감정을 수용자들에게 많이 갔고 관심도 많고 큰소리를 낼 때도 있고 감정 소모를 하는 부분이 있었던 것 같고, (현재의 모습은) 억눌리고 감정을 절제하고 숨기며 살아가는 모습이 있더라""라고 설명했다. 송지효는 ""그때 (나도) 당시 똑같은 일을 20년 넘게 하다 보니까 내 모습이 아닌 게 들어가거나, 내가 나와야 할 때 너무 오버를 하거나 하는 데서 절제가 안 됐다, 그런 루틴"
"송지효 ""김종국 결혼, 아들 장가 보낸 느낌…러브라인? 형수님께 죄송""","배우 송지효가 SBS 예능 프로그램 '런닝맨'에서 함께 하는 동료 김종국의 결혼에 대해 ""잘 키운 아들 장가보낸 느낌""이라며 축하의 마음을 드러냈다. 송지효는 1일 오후 서울 중구 을지로 한 카페에서 진행된 영화 '만남의 집'(감독 ) 관련 뉴스1과의 인터뷰에서 최근 진행된 김종국의 결혼식에 대해 ""우리에게도 철통같았었다, 나도 오빠를 너무 축하지만, 정말 너무 비밀스러워서 혹시 저 사람은 정보원이 아닐지 생각했다, 어디까지 알고 있는데 얘기를 안 하는 걸까 했다""고 말해 웃음을 줬다. 이어 ""오빠가 너무 행복한 축하할 일이 생겨서 좋다, 잘 키운 아들 하나 장가보낸 느낌이 들더라, 진짜 여러 감정이 들었다, 뿌듯했다, 오빠 행복한 모습이 뿌듯하다""고 덧붙였다. 김종국은 지난 9월 5일 서울 모처에서 비연예인 연인과 결혼식을 올렸다. 김종국과 송지효는 '러닝맨'에서 한 때 러브라인을 이루기도 했다. 송지효는 이에 대해 ""그건 철저한 비즈니스 관계였다""면서 ""(섭섭했나) 오해한 분이"
‘빅 볼드 뷰티풀’ 마고 로비 “내 인생 가장 마법 같았던 경험”,"사진=소니 픽쳐스 엔터테인먼트 제공 사진=소니 픽쳐스 엔터테인먼트 제공 마고 로비가 ‘빅 볼드 뷰티풀’에 대한 각별한 마음을 드러냈다. 영화 ‘빅 볼드 뷰티풀’은 친구의 결혼식에서 만난 두 남녀가 미스터리한 내비게이션의 안내로 함께 여행을 떠나게 되고, 과거로 돌아가는 신비로운 문을 열게 되면서 펼쳐지는 놀라운 여정을 그린 이야기. 마고 로비가 ‘바비’ 이후 2년 만에 선보이는 신작으로 수많은 팬들의 기대감을 한층 더 높이고 있다. “이번 작품에 참여한 건 제 인생에서 가장 마법 같았던 경험 중 하나”라며 작품에 대한 뜨거운 애정을 뽐낸 마고 로비는 “인생에서 가장 긴 공백기를 가졌었다. 그래서 첫 촬영에서 정말 떨릴 줄 알았는데 이 작품의 모든 것이 처음부터 편안하게 다가왔다”라며 ‘빅 볼드 뷰티풀’과의 운명적이고도 가슴 벅찬 만남을 회상하기도 했다. 연출을 맡은 코고나다 감독 역시 “마고 로비는 세대를 아우르는 진정한 재능을 가진 사람”이라는 찬사를 전했다. 무엇보다 ‘빅 볼드"
"'연의 편지' 원작자, 따뜻한 지원사격…개봉 기념 축전 공개","2025년 애니메이션 흥행 퍼즐을 완성할 작품이자, 추석 연휴 온 가족이 함께 즐길 수 있는 극장 애니메이션으로 기대를 모으는 ‘연의 편지’가 드디어 오늘 개봉한 가운데 원작자 조현아 작가의 축전을 공개해 화제다. 책상 서랍에서 우연히 의문의 편지를 발견하게 된 전학생 소리가 편지 속 힌트로 이어지는 다음 편지들을 찾아가며 벌어지는 이야기를 담은 애니메이션 ‘연의 편지’가 바로 오늘(1일) 개봉했다. 애니메이션 ‘연의 편지’는 연재 당시 9.98의 높은 평점을 기록하며 탄탄한 팬덤을 형성한 인기 웹툰을 원작으로 한 작품으로, 영화의 제작 초기부터 많은 사람들의 뜨거운 관심과 기대를 모아왔다. 특히 애니메이션으로 탄생한 ‘연의 편지’는 원작의 독보적인 감성을 고스란히 담아내면서도, 웹툰을 찢고 더욱 생생해진 캐릭터들을 만날 수 있을 것으로 기대를 모아왔다. 이처럼 웹툰부터 영화에 이르기까지 뜨거운 사랑을 받고 있는 ‘연의 편지’가 극장 개봉을 기념해 공개된 원작자 조현아 작가의 축전을"
안동시·경북문화재단 지원 영화 '안동' 관객과 만난다,"경북 안동시와 경북문화재단 콘텐츠진흥원의 지원을 받아 제작한 영화 '안동' 시사회가 2일 안동 CGV에서 열린다. 경북문화재단에 따르면 이 영화는 서울 생활에 지친 주인공이 고향 안동으로 돌아와 어머니와 함께 고택을 개조한 게스트하우스를 운영하며 다양한 사람들을 만나 치유와 희망을 찾아가는 이야기를 담고 있다. 영화 주연은 걸그룹 '달샤벳' 출신 박수빈, 구독자 997만 유튜버 허진우, 배우 겸 가수 노현희가 맡았고, 연출은 김홍익 감독, 각본은 경북 스토리 콘텐츠 공모전 수상자 권나연 작가다. 영화 '안동'은 오는 13일엔 서울 용산 CGV에서 언론배급 시사회를 하고, 16일엔 안동 CGV, 18~19일엔 용산 CGV에서 유료 상영 GV가 이어진다. 이종수 경북문화재단 콘텐츠진흥원장은 ""영화 '안동'을 통해 고택 문화와 월영교, 예끼마을 등 지역 관광자원을 널리 알리겠다""고 말했다."
"'사마귀' 이태성 감독 ""모차르트·살리에리 관계에서 착안""","넷플릭스 '길복순' 스핀오프로 장편 데뷔…""후속편 가능성 열려 있어"" 넷플릭스 영화 '길복순'의 스핀오프(파생작) '사마귀'에는 결이 다른 두 천재 킬러가 나온다. 양손에 낫을 들고 싸우는 모습 때문에 별명을 얻은 사마귀(임시완 분)는 청부살인 업계의 선두 회사 MK에 속한 A급 킬러로 타고난 재능의 소유자다. 긴 칼을 들고 싸우는 재이(박규영)는 노력형 천재다. 더미(인체모형)를 가지고 매일 죽이는 연습을 반복해 킬러로서 정상급의 실력을 갖추게 됐다. 영화는 죽마고우이자 라이벌인 사마귀와 재이의 애증 관계를 전면에 내세운다. 관계로부터 비롯된 각 인물의 감정이 행동의 배경으로 자리 잡으며 서로 합쳐졌다가 갈라진다. 이런 이야기에 '사마귀'는 킬러 영화가 아닌 청춘물을 떠올리게도 한다. '사마귀'를 연출한 이태성 감독은 1일 서울 종로구 삼청동 한 카페에서 기자들과 만나 기존 킬러 영화와는 다른 길을 가는 게 큰 도전이었다며 ""보편적인 작품을 재생산하는 것은 피하고 싶었다""고 특히"
"안효섭X이민호 ‘전독시’, 이제 안방극장서..오늘 IPTV·VOD 서비스 오픈","사진=롯데엔터테인먼트 제공 ‘전지적 독자 시점’을 안방극장에서 만날 수 있다. 영화 '전지적 독자 시점'이 바로 1일부터 IPTV와 VOD 서비스를 시작한다. 앞서 '전지적 독자 시점'은 눈 뗄 수 없게 만드는 액션 시퀀스와 황홀하고 압도적인 스케일의 세계관으로 다채로운 재미를 선사하며 글로벌 관객들까지 사로잡았다. '전지적 독자 시점'만의 시네마틱 경험은 이제 IPTV 서비스인 KT Genie TV, SK Btv, LG U+TV는 물론 KT스카이라이프, 홈초이스, 쿠팡플레이, 웨이브(Wavve), 구글플레이, Apple TV, 씨네폭스 등 다양한 플랫폼에서 만날 수 있다. '전지적 독자 시점'은 10년 이상 연재된 소설이 완결된 날 소설 속 세계가 현실이 되어 버리고, 유일한 독자였던 ‘김독자’가 소설의 주인공 ‘유중혁’ 그리고 동료들과 함께 멸망한 세계에서 살아남기 위한 판타지 액션으로, 오늘(1일)부터 IPTV와 VOD 서비스를 통해 만나볼 수 있다."
"조여정X김유정, 유아인 물망 올랐던 ‘복수귀’ 출연 검토 중","조여정과 김유정이 영화 '복수귀'로 만날까. 조여정과 김유정 측은 10월 1일 뉴스엔에 ""영화 '복수귀' 출연 제안을 받고 내부 검토 중""이라고 밝혔다. 영화 '복수귀'는 '소리도 없이'를 연출한 홍의정 감독의 신작으로, 복수를 주제로 한 작품이다. 당초 '소리도 없이'에 출연한 유아인이 주연 배우 물망에 올랐지만, 마약 투약 혐의를 받으면서 재회가 무산됐다. 이에 '복수귀'가 어떤 모습으로 관객을 찾을지 주목된다."
"김병철X송지효, 미스터리 오컬트로 만났다..‘구원자’ 11월5일 개봉확정(공식)","사진=마인드마크 제공 ‘구원자’의 티저 포스터 2종이 공개됐다. 영화 '구원자'는 축복의 땅 오복리로 이사 온 ‘영범’과 ‘선희’에게 기적 같은 일이 벌어지고, 이 모든 것이 누군가 받은 불행의 대가임을 알게 되면서 벌어지는 미스터리 오컬트. 이번에 공개된 티저 포스터 2종은 영화의 세계관과 분위기를 극명하게 보여주며 시선을 사로잡는다. ‘어서오세요. 기적의 마을 오복리입니다’라는 문구와 함께 얼룩진 흔적으로 뒤덮인 낡고 훼손된 표지판의 모습을 담은 첫 번째 포스터는 기적의 마을이라는 문구와 대비되는 섬뜩한 기운으로 기묘한 불길함을 자아내며 강렬한 인상을 남긴다. 이어 함께 공개된 포스터는 자신의 눈 위로 피투성이의 손을 맞잡고 있는 모습이 압도적인 분위기를 자아낸다. 여기에 ‘간절히 원하면 이루어진다’라는 카피가 더해져 기적을 갈망하는 인간의 본능적인 욕망을 드러내며 강렬한 긴장감을 불러일으킨다. '구원자'는 오는 11월 5일 개봉한다."
'귀멸의 칼날' 韓에서만 545억 벌었다…올해 국내 개봉작 최고 매출액,"누적 500만 관객을 돌파하며 2025년 전체 박스오피스 톱3에 오른 화제의 애니메이션 ‘극장판 귀멸의 칼날: 무한성편’(귀멸의 칼날)이 한국 성우 무대인사 매진에 이어 올해 개봉작 국내 박스오피스 최고 매출 기록까지 달성하며 역대급 반응을 이어가고 있다. ‘극장판 귀멸의 칼날: 무한성편’이 개봉 39일만에 500만 관객을 돌파하며 2025년 전체 박스오피스 3위에 자리한 가운데, 또 한 번의 기록을 세우며 흥행 질주를 이어가고 있다. 먼저 오는 3일 메가박스 코엑스점에서 예정된 한국 성우 무대인사는 예매 오픈과 동시에 전석 매진을 기록하며 폭발적인 인기를 입증했다. 탄지로(이경태 성우), 기유(정재헌 성우), 아카자(남도형 성우)까지 인기 캐릭터들의 한국어 더빙을 맡은 성우들의 첫 공식 행사로 팬들의 마음을 설레게 하고 있다. 이 가운데 ‘귀멸의 칼날’은 영화진흥위원회 통합전산망 집계상 지난달 30일 기준 매출액이 545억 3986만 원을 달성했다. 이는 올해 국내 개봉작 중 최고"
"'어쩔수가없다' 이병헌, '만수'의 흐믓한 미소...시크한 블랙[TEN포토+]","배우 이병헌이 1일 서울 영등포구 롯데시네마 영등포에서 열린 영화 '어쩔수가없다' 무대인사에 참석하고 있다. 는 '다 이루었다'고 느낄 만큼 삶이 만족스러웠던 회사원 '만수'(이병헌)가 덜컥 해고된 후, 아내와 두 자식을 지키기 위해, 어렵게 장만한 집을 지켜내기 위해, 재취업을 향한 자신만의 전쟁을 준비하며 벌어지는 이야기. 이병헌, 손예진, 박희순, 이성민, 염혜란, 차승원 등이 출연하며 지난 9월 24일 개봉했다."
"'어쩔수가없다' 박찬욱 감독, 거장의 아름다운 꽃미소[TEN포토+]","박찬욱 감독이 1일 서울 영등포구 롯데시네마 영등포에서 열린 영화 '어쩔수가없다' 무대인사에 참석하고 있다. 는 '다 이루었다'고 느낄 만큼 삶이 만족스러웠던 회사원 '만수'(이병헌)가 덜컥 해고된 후, 아내와 두 자식을 지키기 위해, 어렵게 장만한 집을 지켜내기 위해, 재취업을 향한 자신만의 전쟁을 준비하며 벌어지는 이야기. 이병헌, 손예진, 박희순, 이성민, 염혜란, 차승원 등이 출연하며 지난 9월 24일 개봉했다."
"박찬욱 감독-이병헌-이성민-염혜란, 추석 앞두고 '어쩔수가없다' 무대인사[TEN포토+]","박찬욱 감독, 이병헌, 이성민, 염혜란이 1일 서울 영등포구 롯데시네마 영등포에서 열린 영화 '어쩔수가없다' 무대인사에 참석하고 있다. 는 '다 이루었다'고 느낄 만큼 삶이 만족스러웠던 회사원 '만수'(이병헌)가 덜컥 해고된 후, 아내와 두 자식을 지키기 위해, 어렵게 장만한 집을 지켜내기 위해, 재취업을 향한 자신만의 전쟁을 준비하며 벌어지는 이야기. 이병헌, 손예진, 박희순, 이성민, 염혜란, 차승원 등이 출연하며 지난 9월 24일 개봉했다."
"'어쩔수가없다' 염혜란, 오늘 빨간날인줄...많이 와주셔서 감사[TEN포토+]","배우 염혜란이 1일 서울 영등포구 롯데시네마 영등포에서 열린 영화 '어쩔수가없다' 무대인사에 참석하고 있다. 는 '다 이루었다'고 느낄 만큼 삶이 만족스러웠던 회사원 '만수'(이병헌)가 덜컥 해고된 후, 아내와 두 자식을 지키기 위해, 어렵게 장만한 집을 지켜내기 위해, 재취업을 향한 자신만의 전쟁을 준비하며 벌어지는 이야기. 이병헌, 손예진, 박희순, 이성민, 염혜란, 차승원 등이 출연하며 지난 9월 24일 개봉했다."
"‘연의 편지’, 에그지수 100%..개봉 동시 실관람객 호평 터졌다","사진=롯데엔터테인먼트 제공 ‘연의 편지’가 실관람객들의 뜨거운 호평을 얻고 있다. 영화 '연의 편지'가 개봉과 동시에 CGV에그지수 100%, 네이버 실관람객 9.75점, 롯데시네마 9.7점, 메가박스 9.5점을 기록했다. 이는 '어쩔수가없다', '얼굴' 등 현재 박스오피스를 점령 중인 인기 영화들은 물론, '극장판 귀멸의 칼날: 무한성편', '극장판 체인소 맨: 레제편' 등 탄탄한 팬층을 보유한 일본 인기 애니메이션들의 기록까지 넘어선 압도적인 수치다. 실관람객 극찬과 함께 입소문 흥행의 포문을 연 '연의 편지'는 책상 서랍에서 우연히 의문의 편지를 발견하게 된 전학생 ‘소리’가 편지 속 힌트로 이어지는 다음 편지들을 찾아가며 벌어지는 이야기를 담은 애니메이션으로, 오늘(1일)부터 전국 극장에서 만날 수 있다."
"'어쩔수가없다' 이성민, 관객들과의 만남은 즐거워[TEN포토+]","배우 이성민이 1일 서울 영등포구 롯데시네마 영등포에서 열린 영화 '어쩔수가없다' 무대인사에 참석하고 있다. 는 '다 이루었다'고 느낄 만큼 삶이 만족스러웠던 회사원 '만수'(이병헌)가 덜컥 해고된 후, 아내와 두 자식을 지키기 위해, 어렵게 장만한 집을 지켜내기 위해, 재취업을 향한 자신만의 전쟁을 준비하며 벌어지는 이야기. 이병헌, 손예진, 박희순, 이성민, 염혜란, 차승원 등이 출연하며 지난 9월 24일 개봉했다."
"네이버 웹툰 ‘히어로 킬러’, 프랑스 제작사 손잡고 애니메이션화 [공식]","네이버 인기 웹툰 ‘히어로 킬러’가 프랑스 ADN을 통해 애니메이션으로 제작된다. 1일 웹툰 IP 전문 제작사 재담미디어는 “유럽의 애니메이션 제작사이자 플랫폼인 ADN(Animation Digital Network)과 웹툰 ‘히어로 킬러’(글: 꿀벌 / 그림: 벌꿀) 의 애니메이션화 계약을 체결했다”고 밝혔다. ‘히어로 킬러’는 재담미디어의 대표적인 오리지널 IP로, 주인공 이화가 언니를 죽인 히어로를 찾아 복수를 다짐하며 히어로 킬러가 되어, 부패한 히어로를 처단하는 액션 판타지 작품이다. 네이버웹툰 금요연재로 인기리에 연재 중이고, 라인웹툰 북미, 일본, 프랑스, 태국 등 총 8개국에서 서비스 중이다. 이러한 웹툰의 글로벌 성과가 이번 ADN과의 글로벌 애니메이션 제작 계약으로 이어졌다. 재담미디어와 프랑스 ADN과의 애니메이션 계약은 K웹툰이 글로벌 시장에서 애니메이션으로 확장되는 사례로 기대감을 높인다. ADN은 제작사로서 수많은 애니메이션을 선도적으로 제작하며, 프랑스 및"
'사마귀' 넷플릭스 글로벌 비영어 3위…깜짝 등장 전도연의 카리스마,"넷플릭스 영화 ‘사마귀’(감독 이태성)가 공개 3일 만에 글로벌 톱10 영화(비영어) 부문 3위를 기록하며, 전 세계 시청자들에게 짜릿한 액션 카타르시스를 선사하고 있다. 모든 룰이 무너진 살인청부업계에 긴 휴가 후 컴백한 A급 킬러 사마귀와 그의 훈련생 동기이자 라이벌 재이 그리고 은퇴한 레전드 킬러 독고가 1인자 자리를 놓고 벌이는 대결을 그린 액션 영화 ‘사마귀’가 지난달 26일 공개 이후 3일 만에 700만 누적 시청 수(시청 시간을 작품의 총 러닝 타임으로 나눈 값)를 기록하며, 글로벌 톱10 영화(비영어) 부문 3위에 등극했다. 또한, 대한민국뿐만 아니라 스페인, 태국, 홍콩, 페루 등 총 44개국에서 톱10 리스트에 오르며 세 명의 킬러가 선사하는 캐릭터 앙상블과 액션 카타르시스를 향한 전 세계 시청자들의 뜨거운 반응을 입증했다. 특히 극에서 우정과 라이벌을 넘나드는 한울(임시완 분)과 재이(박규영 분)의 복잡미묘한 감정선은 공감과 과몰입을 유발하며 뜨거운 반응을 이끌어"
"‘귀멸의 칼날’, ‘F1 더 무비’ 매출액 넘었다…누적 545억원 돌파","극장판 귀멸의 칼날: 무한성편 포스터. 사진 | 애니맥스브로드캐스팅코리아 영화 ‘극장판 귀멸의 칼날: 무한성편’이 누적 관객수 500만 돌파와 함께 2025년 국내 박스오피스 매출액 1위를 기록했다. 영화진흥위원회 영화관입장권 통합전산망에 따르면 지난달 30일 기준 ‘극장판 귀멸의 칼날: 무한성편’은 누적 매출액 545억3986만3020원을 기록했다. 이는 ‘F1 더 무비’와 ‘미션 임파서블: 파이널 레코닝’ 등 할리우드 블록버스터들의 기록을 넘어선 것일 뿐만 아니라 IMAX, 4D, 돌비시네마 등 특수관의 인기가 두드러지게 나타나며 올해 최고 흥행작임을 증명했다. 이어 글로벌 흥행 수익 역시 6억 달러(한화 8412억 원) 돌파, ‘미션 임파서블: 파이널 레코닝’ , ‘판타스틱 4: 새로운 출발’을 넘고 2025년 글로벌 흥행 8위를 차지하며 전세계적인 흥행 열기를 이어가고 있다. 특히 ‘극장판 귀멸의 칼날: 무한성편’은 현재 누적 500만 관객을 돌파하며 2025년 전체 박스오피"
"허광한, 부산서 남친짤 대방출..""고마워 부산 새 친구들""","드라마 '상견니' 등으로 한국에서도 큰 사랑을 받는 대만 배우 허광한이 부산에서 남친짤을 방출하며 팬심을 흔들었다. 허광한은 9월 30일 자신의 인스타그램에 “Thanks Busan, thanks new friend”라는 글과 함께 부산 바닷가에서 촬영한 사진들을 공개했다. 황혼이 내려앉은 해운대를 배경으로 편안한 차림을 한 그는 자연스러운 눈빛과 미소만으로도 ‘남친짤’의 정석을 완성해 눈길을 끌었다. 함께 공개된 사진에는 배우 옥택연과 다정하게 인증샷을 남긴 모습, 바닷가 뷰가 내려다보이는 발코니에서 브이 포즈를 취하며 여유로운 시간을 보내는 모습이 담겨 있다. 영화 속 한 장면 같은 분위기와 훈훈한 비주얼이 팬들의 설렘을 자극했다. 팬들은 “부산에서 또 만나요!”, “진짜 행복하다”, “남친짤 갤러리 하나 차리셔야 할 듯”, ""광한이 게시물에 한국이라니!""라며 뜨거운 반응을 보였다. 허광한의 게시물은 공개 19시간 만에 34만 개가 넘는 ‘좋아요’를 기록하며 화제를 모았다. 허광"
"'충충충' BIFF 심사위원 특별상…백지혜 ""배우로서 흔들릴 때 만난 작품""","배우 백지혜가 주연을 맡은 영화 ‘충충충’(감독 한창록)이 제30회 부산국제영화제(BIFF, 부국제)에서 심사위원 특별상을 수상했다. 작품 수상과 함께 극 중 지숙 역을 맡은 배우 백지혜의 파격적이고 몰입도 높은 연기가 관객과 평단의 주목을 받으며 강렬한 존재감을 입증하고 있다. 영화 ‘충충충’ 백지혜 스틸컷. 영화 ‘충충충’에서 주인공 지숙을 연기한 배우 백지혜가 부국제 수상 성과를 누구보다 기쁘게 받아들이며, 1일 소속사를 통해 작품과 캐릭터에 대한 깊은 애정을 드러냈다. 백지혜는 “처음 시나리오를 읽었을 때부터 꼭 하고 싶다는 욕심이 생겼다. 다 읽고 나서는 감독님의 단편을 전부 찾아볼 정도로 인상 깊었다”며 작품과의 첫 만남을 회상했다. 백지혜에게 지숙은 애정 결핍 속에 살아가는 동시에 욕망을 갈망하는 복합적인 인물이었다. 그는 “지숙은 구조적으로 가난과 폭력에 노출된 너무 불쌍한 아이였지만, 동시에 욕망을 실현하려는 주체적인 캐릭터였다. 저 자신과도 닮은 부분이 많았다”며"
"망가진 부녀 관계, 미국 좌파 운동의 실패가 불러온 비극","는 폴 토마스 앤더슨(이하 PTA) 감독의 영화 세계의 전환점으로 볼 만하다. 단지 그가 만든 최초의 블록버스터라는 사실 때문은 아니다. PTA 이전부터 지금까지 미국의 과거를 해부하는 역사가였다. 1900년대 초 석유 산업을 대표하는 미국의 욕망(<데어 윌 비 블러드>), 1950년대 전후 미국을 은유하는 컬트문화(<더 마스터>), 1970년대 포르노 산업(<부기 나이트>)과 히피 문화의 종말(<인히어런트 바이스>)을 거쳐온 그는 미국이 어떻게 지금의 모습으로 망가졌는지를 집요하게 추적해왔다. 도 마찬가지다. 다만 이 영화에서 달라진 건 시제다. PTA는 줄곧 미국의 과거를 응시하고 진단해 왔었지만 마침내 현재를 응시한다. 그는 과거의 잔재와 현세대를 동시에 소환하며 묻는다. 이제 우리는 무엇을 할 것인가? 혁명의 잔해 속에서 발견되는 세대 간 단절 ▲  <원 배틀 애프터 어나더> 스틸 ⓒ 워너브러더스 영화는 시작부터 불꽃처럼-터진다. 극좌 혁명 조직 '프렌치 75'가 멕시코-미국"
"‘군복무’ 차은우, 빈자리 달랠 ‘퍼스트 라이드’ 영상+자필 편지 공개","배우 차은우가 국군의 날을 맞아 출연 영화 ‘퍼스트 라이드’를 홍보하며 영상과 자필 편지를 보내왔다. 1일 ‘퍼스트 라이드’ 배급사 쇼박스는 공식 유튜브 채널을 통해 ‘은우가 전하는 특별 메시지’란 제목의 영상을 공개했다. 현재 군 복무 중인 차은우는 입대 전 촬영한 영상 편지를 통해 ‘퍼스트 라이드’에서 사총사로 함께한 강하늘, 김영광, 강영석은 물론, 남대중 감독과 예비 관객들에게 인사를 전했다. 차은우는 “학창 시절의 추억, 향수, 뜨거움을 다시 느끼길 바란다. 추억에 잠길 만한 포인트들을 극장에서 크게, 생생하게 즐겨달라”고 관람을 당부했다. 친필 편지에서는 “‘퍼스트 라이드’는 정말 열심히, 즐겁게 촬영한 작품”이라며 “비록 현장에서 함께하지는 못하지만, 이곳에서 응원을 보내도록 하겠다”고 진심을 내비쳤다. 영화 ‘퍼스트 라이드’는 끝을 보는 놈 태정(강하늘), 해맑은 놈 도진(김영광), 잘생긴 놈 연민(차은우), 눈 뜨고 자는 놈 금복(강영석), 사랑스러운 놈 옥심(한선화"
"‘충충충’, 제30회 BIFF 심사위원 특별상..백지혜 “표류하는 청춘에 영광 돌리고파”","영화 ‘충충충’ 스틸 영화 ‘충충충’ 스틸 백지혜 주연의 ‘충충충’이 제30회 부산국제영화제에서 심사위원 특별상을 수상했다. 배우 백지혜는 영화 ‘충충충’에서 ‘지숙’ 역을 맡아 보여준 파격적이고 몰입도 높은 연기로 강렬한 존재감을 입증했다. 특히 ‘지숙’의 공허함을 온전히 표현하기 위해 의도적으로 자신을 고립시켰고, 밝은 성격을 누르고 외로움에 집중했다. 또 거식증에 가까운 체중 감량을 감수하며 인물의 삶을 체화했다. 백지혜는 “처음 시나리오를 읽었을 때부터 꼭 하고 싶다는 욕심이 생겼다. 다 읽고 나서는 감독님의 단편을 전부 찾아볼 정도로 인상 깊었다”라고 전했다. 이어 “‘지숙’은 구조적으로 가난과 폭력에 노출된 너무 불쌍한 아이였지만, 동시에 욕망을 실현하려는 주체적인 캐릭터였다. 저 자신과도 닮은 부분이 많았다”라고 덧붙였다. 또한 백지혜는 이번 수상에 대해 “배우로서 흔들리는 중에 ‘충충충’이라는 작품을 만나게 됐다. 촬영 기간 동안 위로를 받았고, 함께한 스태프분들께도"
"[리뷰] 급할수록 향을 잃는 다도(茶道)의 영화, &lt;동그라미&gt;","미술을 전공했지만 4년째 다른 작가의 보조 일을 하며 살아가는 사와다(도모토 쓰요시). 혹사에 가까운 노동과 낮은 임금 속에서도 ‘좋아하는 일을 하는 어른은 없다’는 체념으로 하루하루를 버틴다. 그러던 어느 날, 퇴근길 사고로 해고까지 당한 그는 방바닥의 개미를 따라 무심코 그린 동그라미 하나가 SNS를 타고 전세계적 유행을 일으키며 하루아침에 인기 작가가 된다. <동그라미>는 <카모메 식당><안경>으로 국내외 많은 사랑을 받은 오기가미 나오코 감독의 신작이다. 영화는 현대미술을 둘러싼 논란을 영리하게 끌어와 웃음을 자아내면서도, 감독 특유의 담담한 위로를 잊지 않는다. 그림을 그린 당사자조차 해답을 알지 못하는 현대사회의 답답함을 불교적 통찰을 경유한 서사로 풀어내며 맑고 간결한 울림을 전한다."
"[리뷰] 요란한 포장지에 싸인 익숙한 맛이 끝내 피로감을 유발한다, &lt;워킹맨&gt;","영국 왕립 해병대의 전설적인 특수요원 레본(제이슨 스테이섬). 20년 넘게 나라에 헌신했지만 그에게 남은 것이라곤 자살한 아내를 둘러싼 오해뿐이다. 걷잡을 수 없이 번진 거짓 소문으로 딸과의 만남마저 위태로워진 그는 건설 현장에서 평범한 일상을 이어간다. 그러던 어느 날, 상사의 딸 제니(아리아나 리바스)가 괴한에게 납치되는 사건이 발생한다. 딸을 잃는 고통을 또다시 지켜볼 수 없었던 레본은 숨겨온 정의의 본능을 드러내기 시작한다. <워킹맨>은 <비키퍼>에 이어 제이슨 스테이섬과 데이비드 에이어 감독이 두 번째로 호흡을 맞춘 작품이다. 배우와 감독의 앙상블로 탄생한 액션 시퀀스는 보장된 볼거리를 제공하지만 진부한 인신매매 응징극의 클리셰를 답습하여 전작보다 돋보이는 지점을 찾기 어렵다. 또 다른 액션 스타인 실베스터 스탤론이 각본을 맡았다."
"[리뷰] 인간 없는 인간세계가 오히려 인간다운, &lt;어쩌면 해피엔딩&gt;",인간을 돕기 위해 생산된 헬퍼 봇 올리버(신주협)와 클레어(강혜인)는 빈 아파트에 버려진 채 살아간다. 떠난 주인 제임스(유준상)를 기다리던 올리버는 앞집에 사는 클레어와 주인을 찾아 나서고 두 로봇의 여정이 시작된다. 대학로 뮤지컬 <어쩌면 해피엔딩>을 재해석한 이 작품은 로봇 이야기임에도 차갑거나 기계적인 질감을 배제한다. 금속성 광택이나 첨단 장비가 없는 집 안의 세심한 인테리어는 따뜻하고 서정적인 공간을 만들어내며 인간의 삶에 로봇이 늘 있어온 듯한 가정 풍경을 보여주어 사실감을 높인다. 특히 인간성을 강조하기 위해 ‘비인간적 인간’을 등장시키지 않고 타자를 악역으로 만들지 않는 선택은 우리의 일상이 그렇듯 현실감을 불어넣는다. 올리버에게 물건을 배송하는 택배 기사(강홍석)의 표정 변화와 두 로봇의 버전 차이를 미세하게 구별하는 디테일이 돋보인다.
"[리뷰] 귀여움에 취하고 디테일에 놀라다, &lt;퐁당퐁당 러브: 더 무비&gt;","MBC 창사 특집 단편 드라마가 드라마 방영 10주년과 한글날을 기념하여 2주간 롯데시네마에서 특별 상영한다. 단막극을 웹드라마로 먼저 공개해 천만이 넘는 조회수를 기록했던 화제의 작품으로, 청소년의 고민과 사랑을 명랑하게 담아낸 판타지 사극이다. 수학을 포기한 고3 장단비(김슬기)는 수능의 압박감을 이기지 못해 조선시대로 타임슬립하고 수학과 한글 연구에 몰두하는 조선의 왕 이도(윤두준)를 만나 새로운 세계를 경험한다. 완성도 높은 디테일과 섬세한 연출이 관객의 몰입도를 높이며, 끝까지 힘을 잃지 않고 긴장감을 유지해 반전과 유머를 이어간다. 판타지다운 상상력으로 관객의 기대를 만족시키는 이 작품은 수능으로부터 도망친 단비를 통해 오늘을 버리지 말고 소중히 여기라는 메시지도 잊지 않고 전한다. 고3 가방에서 나오는 신문물의 활용과 캐릭터의 입체적인 활약이 기발하고 사랑스럽다."
"[리뷰] 도파민 터지는 초특급 구조작전, 그리고 쿠키!, &lt;개비의 매직하우스 극장판&gt;","매직하우스와 냥이 친구들을 되찾기 위한 개비(레일라 록하트 크레이너)의 초특급 구조 작전! 긍정 소녀 개비는 매직하우스를 훔쳐간 괴짜 수집가를 쫓아 상상과 현실을 넘나들며 신나는 모험을 펼친다. 귀여운 비주얼의 친구들과 힘을 합쳐 위기를 헤쳐나가는 개비의 하루는 아슬아슬한 재미와 맛있는 웃음, 따뜻한 우정으로 가득하다. 드림웍스 애니메이션 <개비의 매직하우스 극장판>은 반짝이는 색감과 톡톡 튀는 연출로 아이는 물론 노는 법을 잊은 어른들까지 빠져들게 만든다. 특히 블랙핑크 로제가 부른 와 영화의 대미를 장식하는 에스파의 엔딩곡 를 듣는 즐거움도 커서 컬러 도파민과 함께 뮤직 도파민이 팡팡 터진다. 엔딩크레딧엔 쿠키영상이 숨겨져 있어 재미와 설렘이 끝까지 이어진다. 고양이를 사랑하는 관객이라면 더욱 행복한 시간을 보낼 수 있다. 개비와 함께 너의 색깔을 밝혀봐!"
"[리뷰] 언젠가 다 똑같은 고기가 될 모든 사람들을 위한 영화, &lt;사람과 고기&gt;","형준(박근형)은 동네에서 폐지를 줍는 것으로 생활비를 마련하는 삶을 살고 있다. 그러다 자신과 비슷한 처지의 두 독거노인 우식(장용)과 화진(예수정)을 만난다. 어느 날 소고기뭇국을 나눠 먹으며 오랜만에 고기의 맛을 느낀 그들은 홧김에 식당에서 고기를 구워 먹은 뒤 돈을 지불하지 않고 도망친다. 그로부터 묘한 쾌감을 느낀 셋의 아슬아슬한 무전취식이 이어진다. <사람과 고기>는 현재 대한민국의 주요 사회문제인 노인 빈곤에 관한 이야기를 유쾌하게 풀어낸 작품이다. 고기를 먹는 것으로 욕망을 실현한다는 아이디어가 공감을 불러일으키는 것은, 그만큼 고기를 사치품으로 여기는 계층이 사회에 많아졌다는 방증일 것이다. 세 주연배우의 몸짓과 표정엔 연기 그 이상의 것이 담겨 있다. 올해 부산국제영화제 ‘한국영화의 오늘: 파노라마 부문’ 상영작."
"[리뷰] 가장 큰 복수는 가해자와 똑같은 인간이 되지 않는 것이다, &lt;그저 사고였을 뿐&gt;","밤길을 운전하던 에그발(에브라힘 아지지)이 떠돌이 개를 차로 들이받는다. 그는 우연히 바히드(바히드 모바셰리)가 운영하는 정비소에 들르는데, 에그발의 의족 소리를 듣고 바히드는 임금 체불 문제로 항의하다 수감됐던 과거의 기억을 떠올린다. 에그발이 당시의 고문관이라 확신한 바히드는 곧바로 에그발을 납치한 채 함께 수감됐던 동료들을 찾아간다. 그에게 어떻게 복수할지 고민하는 사이, 에그발의 임신한 아내가 쓰러졌다는 소식이 들려온다. 이란 정권의 부조리를 자파르 파나히 감독이 비판하고 나선 영화다. 등장하는 다섯 주인공의 서사는 자파르 파나히 감독이 반체제 혐의로 수감됐을 때 수감자들로부터 들은 이야기가 반영됐다. 정당한 요구를 했음에도 수감자들이 과한 형벌을 받았고 트라우마를 남겼다는 점, 그럼에도 이들의 저항이 또 다른 폭력을 야기하지 않는 점 또한 주목할 만하다. 제78회 칸영화제 황금종려상 수상작이다."
"[리뷰] 요즘 힘들다는 당신에게, 초록빛 무성한 편지를 보냅니다, &lt;연의 편지&gt;",대중적인 사랑을 받은 네이버웹툰 <연의 편지>가 장편애니메이션으로 돌아온다. 악동뮤지션 이수현의 더빙으로 화제가 되었던 영화는 아름다운 작화와 음악으로 중무장했다. 과거 아픈 기억으로부터 벗어나기 위해 할머니 댁 근처로 전학 온 소리(이수현). 하지만 과거의 힘이 너무 센 탓일까. 새 학교에 적응하기도 쉽지 않다. 외로움과 고립감으로 매몰될 즈음 소리는 비밀스러운 편지 한통을 발견한다. “다음 편지를 찾기 위해선 이곳으로 가봐!” 학교 곳곳에 숨겨진 편지를 하나씩 발견할 때마다 벌어지는 동화적인 장면은 일종의 교내 어드벤처처럼 느껴진다. 무엇보다 <연의 편지>가 그리는 10대 아이들은 순진무구하게 행운에 기대기보다 제 손으로 다음 챕터를 여는 자력을 지녔다. 특히 이수현이 부른 메인 O.S.T <연의 편지>가 청량함을 고조시킨다.
"[리뷰] 추석과 조폭 코미디. 여전히 먹히는 공식으로 풀어낸 안전한 오락, &lt;보스&gt;","왕좌의 게임이 시작된다. 다만 이번엔 왕좌를 차지하기 위한 것이 아니라 내려놓기 경쟁이다. <보스>는 한때 명절 극장가의 대표 장르라고 해도 좋을 조폭 코미디의 계보를 오랜만에 잇는다. 1990년 후반 ‘식구파’는 조직명 그대로 끈끈한 협력으로 지역을 접수한다. 순태(조우진), 판호(박지환), 강표(정경호)는 각자 싸움 기술을 발휘해 조직을 반석 위에 올려놓지만 세월은 조직폭력배를 원치 않는다. 중국집 요리사를 꿈꾸는 순태, 춤의 매력에 눈을 뜬 강표가 각자 새로운 길을 모색하는 사이 조직의 보스가 불의의 사고로 세상을 떠나고, 치열한 ‘보스 양보전’이 펼쳐진다. 추석 극장가의 ‘보스’였던 조폭 코미디 장르가 시대에 맞춰 새로운 옷으로 갈아입고 돌아왔다. 배우들의 능청스러운 연기가 웃음을 받아들일 수 있는 강력한 개연성으로 작동한다. 모난 구석이 없이 추석 극장가 공략이라는 목적에 충실한, 잘 뽑힌 오락영화다."
"[리뷰] 어쩌면 그동안 세상이 하니와 애리에게 주고 싶었던 것들이 마침내, &lt;나쁜계집애: 달려라 하니&gt;","주인공 아닌, 그 옆에 있던 조연은 시간이 지나 어떻게 살고 있을까. 작품 바깥을 상상하는 건 언제나 즐거운 법이다. <나쁜계집애: 달려라 하니>는 원작 팬들에게 추억의 시간을 선물하듯 새로운 관점의 이야기를 선사한다. 오직 하니의 라이벌로 기능하던 나애리를 주인공으로 내세운 것. 이제 고등학생이 된 두 사람은 보다 고차원의 주제로 싸운다. 특히 길거리 위를 달린다는 ‘에스런’ 경기를 새롭게 창조하면서 다채로운 액션, 경기를 긴장감 넘치게 만드는 변수, 하니와 애리가 균형을 이뤄야만 하는 개연성 등을 지혜롭게 보완했다. 중간중간 유아동 애니메이션으로 전환되는 장면이 아쉬움을 남기지만 후반부 경기가 많은 것을 상쇄하기 충분하다. 노브레인 황현성이 음악감독을 맡아 스포츠물의 벅차오름을 고양시킨다."
"[리뷰] 물의 고요에서 불의 열망으로, 톱질도 순애다, &lt;극장판 체인소 맨: 레제편&gt;","소년 덴지는 전기톱의 악마와 계약한 후, 모든 것을 썰어버리는 막강한 힘의 ‘체인소 맨’으로 다시 태어났다. 이후 일본 공안 소속의 데블 헌터가 되어 각종 악마와 맞서 싸우고 있다. 한편 상사 마키마를 흠모하는 덴지는 자신에게 진정한 마음이랄 게 있는지 고민하는 중이기도 하다. 여기엔 제대로 된 사회의 보살핌 없이 자란 덴지의 성장배경이 뒷받침되어 있다. 그런 덴지에게 불현듯 찾아온 또 한명의 소녀, 보랏빛 머리칼과 신묘한 눈망울을 지닌 레제. 덴지는 자신에게 호감을 보이는 레제와 함께 설레는 시간을 보내지만, 뜻밖의 악마와 마주치며 잠깐의 사랑을 멈추고 결투를 시작한다. 동명의 인기 만화 중 한 에피소드를 극장판으로 만든 작품이다. TVA에서 명확히 살아나지 못했던 원작의 허무하고 충동적인 정서가 훨씬 더 잘 어우러지는 모양새를 보여준다. 일반적이지 않고 어디로 튈지 알 수 없는 덴지의 성격이 비약 없이 자연스레 드러나면서 <체인소 맨>만의 독특한 분위기를 형성한다. 가장 중요한"
"[리뷰] 페촐트의 시네마일까. 우리의 인생일까, &lt;미러 넘버 3&gt;","크리스티안 페촐트의 ‘원소 3부작’을 완성하는 마지막 작품. 베를린에서 피아노를 전공한 라우라(파울라 베어)는 남자 친구와 함께 내키지 않는 여정에 오른다. 그녀는 길 한가운데에 서 있던 이방인 베티(바르바라 아우어)와 시선을 주고받는다. 이윽고 불의의 사고로 남자 친구는 현장에서 즉사하고, 라우라는 베티의 손길에 의식을 되찾는다. 라우라가 베티와 함께 머물기를 간청하면서, 그리고 베티는 마치 그녀를 오랜 시간 기다리기라도 한 듯 라우라를 집 안으로 들이면서 둘은 기묘한 돌봄의 관계를 맺는다. 그녀는 베티의 보살핌 속에 먹고, 입고, 자전거를 타고, 피아노를 연주하는 새로운 삶에 정착하려 한다. 그러나 그곳의 가구들은 어딘가 늘 고장 나며, 베티의 남편과 아들이 라우라를 대하는 태도는 이 임시적 모녀 관계에 숨겨진 다른 의도가 있음을 넌지시 드러낸다. <미러 넘버 3>는 사고에서 깨어난 라우라를 지극정성으로 돌보는 표층의 서사와 베티 가족이 비밀스레 공유하는 상실의 기억이 촉발한 불"
"[리뷰] 미국이라는 더러운 유산에 새로운 점화를 외치는 PTA의 ‘진짜’ 21세기, &lt;원 배틀 애프터 어나더&gt;",토머스 핀천의 <바인랜드>는 1980년대 레이건 시대에서 시작하지만 읽어나갈수록 불안과 해방 사이에 놓였던 ‘반문화’의 60년대가 피어오르는 소설이다. 일찌감치 핀천의 <인히어런트 바이스>를 동명의 영화로 만들었던 폴 토머스 앤더슨이 다시 한번 같은 작가의 <바인랜드>에서 영감을 받은 <원 배틀 애프터 어나더>로 돌아왔다. 60년대와 80년대를 가로지르며 전개되었던 소설과 달리 <원 배틀 애프터 어나더>의 이야기는 우리가 맞닥뜨리고 있는 현재로 시대를 옮겼다. 무장혁명단체 ‘프렌치 75’에서 폭발물 제조를 담당하는 밥(리어나도 디캐프리오)은 억류된 이민자들을 탈출시키는 급습 작전에 동참한다. 조직의 핵심 인물이자 누구보다 급진적인 철학을 지닌 퍼피디아(테야나 테일러)는 작전 도중 군인 스티븐 록조(숀 펜)를 성적으로 모욕한 후 생포하면서 그에게 충동과 분노를 동시에 산다. 작전을 성공적으로 마친 프렌치 75는 이후로도 미국 도심에 게릴라식 폭발을 일으키면서 경찰의 우선 추적 대상이
"‘세계의 주인’, 핑야오국제영화제 2관왕..지아장커 “멋진진 韓영화 많이 알려지길”(공식)","사진=바른손이앤에이 제공 ‘세계의 주인’이 제9회 핑야오국제영화제에서 2관왕을 달성했다. 영화 ‘세계의 주인’은 인싸와 관종 사이, 속을 알 수 없는 열여덟 여고생 ‘주인’이 전교생이 참여한 서명운동을 홀로 거부한 뒤 의문의 쪽지를 받기 시작하면서 벌어지는 이야기로, ‘우리들’, ‘우리집’을 연출한 윤가은 감독이 6년 만에 내놓은 신작이다. 지난 9월 토론토국제영화제 경쟁 부문인 플랫폼 부문에 한국 영화 최초이자 유일한 작품으로 초청되어 월드 프리미어를 치른 이후, 세계적인 거장 지아장커가 창립한 핑야오국제영화제에서 아시안 프리미어까지 성황리 마치며 해외 영화 팬들의 뜨거운 반응을 끌어냈다. 특히 핑야오국제영화제에서는 국제신인경쟁 부문인 크라우칭 타이거스 섹션의 11개 작품 중 선정되는 로베르토 로셀리니상(Roberto Rosselini Award) 중 심사위원상(Jury Prize)과,각 섹션에서 가장 뛰어난 영화를 관객 심사단이 직접 선정하는 관객상(People’s Choice"
"키스오브라이프 나띠-하늘, 감각적인 뉴트로 보헤미안 룩으로 공항 빛내","사진=이자벨마랑(Isabel Marant) 10월 1일 수요일 오전, 그룹 키스오브라이프(KISS OF LIFE)의 나띠와 하늘이 프랑스 파리에서 진행되는 ‘이자벨마랑(Isabel Marant) 2026 S/S 컬렉션’에 참석하기 위해 오늘 오전 인천국제공항을 통해 출국했다고 1일 밝혔다. 이날 나띠는 시크하면서도 감각적인 스타일링으로 이목을 집중시켰다. 레이스 디테일이 돋보이는 샴페인 컬러의 블라우스에 테이퍼드 핏 데님 팬츠를 매치해 멋스러운 분위기를 자아냈고, 하늘은 워싱 스웨트셔츠에 미니멀한 블랙 코듀로이 스커트를 더해 세련된 무드를 선보인 모습이다. 특히 이 날 두 사람은 모두 스웨이드 호보백과 웨지힐 스니커즈를 함께 착용, 포인트를 주면서 엣지 있는 보헤미안 공항 룩을 완성했다. 사진=이자벨마랑(Isabel Marant) 나띠와 하늘의 공항 룩은 모두 이자벨마랑의 아이템들이며, 고급스러우면서도 쿨한 보헤미안 시크 무드를 더해준 가방은 ‘오스칸 호보 소프트 백(OSKAN HO"
"윤상정, 최민식 동기 된다…영화 ‘인턴’ 캐스팅 [공식]","윤상정, 최민식 동기 된다…영화 ‘인턴’ 캐스팅 [공식] 배우 윤상정이 대선배 최민식의 동기가 된다. 영화 ‘인턴’에 캐스팅된 것. ‘인턴’은 일에 있어서는 그 누구보다 열정 넘치는 패션회사 CEO ‘선우’(한소희 분)가 풍부한 인생 경험을 가진 ‘기호’(최민식 분)를 실버 인턴으로 채용하면서 일어나는 이야기를 그린 작품이다. 지난 2015년 전 세계적인 흥행과 화제를 모았던 동명의 영화를 한국적 감성과 시대의 변화에 맞춰 리메이크했다. 앞서 최민식, 한소희, 김금순, 김준한, 류혜영, 김요한, 박예니 등 화려한 캐스팅 라인업으로 기대를 모은 가운데, 윤상정의 합류 소식까지 전해지며 작품에 대한 관심과 기대감이 한층 높아지고 있다. 윤상정은 통통 튀는 매력이 돋보이는 젠지 세대 인턴 ‘윤희’ 역에 낙점됐다. ‘윤희’를 통해 인턴 동기인 최민식, 김요한과 긴밀한 호흡을 보여주며 극의 활기를 책임질 예정이다. 윤상정 특유의 사랑스러우면서도 개성 넘치는 연기로 관객들에게 따뜻한 공감과 웃"
"日애니 ‘귀멸의 칼날’, 韓에서만 545억 벌었다 [공식]","일본 애니메이션 ‘극장판 귀멸의 칼날: 무한성편’이 올해 국내 개봉작 중 최고 매출액을 달성했다. 1일 영진위 영화관 입장권 통합전산망에 따르면 ‘극장판 귀멸의 칼날: 무한성편’은 전날인 지난달 30일 기준 매출액 545억 3,986만 원을 기록하며 2025년 국내 개봉작 중 최고 매출 기록을 달성했다. 이는 ‘F1 더 무비’와 ‘미션 임파서블: 파이널 레코닝’ 등 할리우드 블록버스터들의 기록을 넘어선 기록이다. 글로벌 흥행 수익 역시 6억 달러(8412억 원)를 돌파, ‘미션 임파서블: 파이널 레코닝’, ‘판타스틱 4: 새로운 출발’을 넘고 2025년 글로벌 흥행 8위를 차지하며 전세계적인 흥행 열기를 이어가고 있다. 흥행에 힘입어 오는 3일 메가박스 코엑스에서 예정된 한국 성우 무대인사가 진행된다. 주인공 탄지로(이경태 성우), 기유(정재헌 성우), 아카자(남도형 성우)까지 인기 캐릭터들의 한국어 더빙을 맡은 성우들의 첫 공식 행사로 팬들의 기대를 높이고 있다. 한편 ‘극장판 귀"
"윤상정, 최민식X김요한 '동기' 된다..영화 '인턴' 캐스팅[공식]","배우 윤상정이 ‘인턴’에 캐스팅됐다. 영화 ‘인턴’은 일에 있어서는 그 누구보다 열정 넘치는 패션회사 CEO ‘선우’(한소희 분)가 풍부한 인생 경험을 가진 ‘기호’(최민식 분)를 실버 인턴으로 채용하면서 일어나는 이야기를 그린 작품이다. 지난 2015년 전 세계적인 흥행과 화제를 모았던 동명의 영화를 한국적 감성과 시대의 변화에 맞춰 리메이크한 이번 작품은 앞서 최민식, 한소희, 김금순, 김준한, 류혜영, 김요한, 박예니 등 화려한 캐스팅 라인업으로 기대를 모으는 가운데, 윤상정의 합류 소식까지 전해지며 작품에 대한 관심과 기대감이 한층 높아지고 있다. 윤상정은 극중 인턴 ‘윤희’ 역을 맡았다. 윤희는 통통튀는 매력이 돋보이는 젠지세대 인턴으로, 인턴 동기인 최민식, 김요한과 긴밀한 호흡을 보여주며 극의 활기를 책임질 예정이다. 윤상정 특유의 러블리하면서도 개성 넘치는 연기 스타일이 더해져 관객들에게 따뜻한 공감과 웃음을 선사할 것으로 기대를 모은다. 윤상정은 앞서 유수의 굵직한"
화제의 제10회 울산울주세계산악영화제 수상작들,"올해 10회째인 국내 유일 국제산악영화제인 울산울주세계산악영화제에서 배출된 해외 수상작들이 어떤 작품인지 관심을 끌고 있다. 1일 영화제 측에 따르면 국제경쟁 부문에서 대상, 작품상, 감독상, 촬영상, 심사위원 특별상이 마련됐고, 아시아 영화를 대상으로 하는 아시아경쟁 넷팩상, 청소년 심사위원상, 산 섹션 상영작 중 선정하는 관객상까지 모두 8개 상이 주어졌다. 국제경쟁 부문 대상 작품은 조쉬 로웰 감독의 '라이더스 온 더 스톰'이다. 미국 작품으로 한국에서는 처음 선보인 다큐멘터리 영화다. 거벽 등반가 시베 반히가 동료 등과 함께 파타고니아 토레 센트럴 동벽, 난공불락의 루트인 '라이더스 온 더 스톰' 첫 자유 등반에 도전한 모습을 담았다. 심사위원단은 ""훌륭한 팀워크와 등반 기술을 통한 첫 자유 등반 성공, 험난한 등반 여정을 유쾌하게 담아낸 현장의 생생한 목소리, 고난도 등반 중에도 이뤄낸 뛰어난 촬영 기술 모두가 높은 평가를 받았다""고 설명했다. 작품상 마야 노바코비치 감독의"
"'사마귀' 감독 ""임시완, 선수 될 때까지 연습하는 노력파"" [인터뷰+]","""'길복순' 시나리오를 보고 완전히 새로운 작품이라는 생각이 들었어요. '길복순'의 스핀오프 작품이라니 '사마귀'를 안 할 이유가 없었죠."" 넷플릭스 영화 '사마귀'는 '길복순'의 스핀오프 작품이다. MK 대표 차민규(설경구)의 대사 속 ""사마귀도 돌아오면 세대교체 해야지""라는 언급에서 출발했다. 긴 휴가에서 돌아온 A급 킬러 사마귀(임시완)와 그의 동기이자 라이벌 재이(박규영), 은퇴한 레전드 킬러 독고(조우진)가 살인청부업계의 1인자 자리를 두고 벌이는 피의 경쟁을 그려낸다. 10월 1일 서울 종로구 삼청동에서 만난 이태성 감독은 ""젊고 실력으로 인정받은 인물이 잘 다니던 회사가 기울었을 때 어떻게 행동할까에서 이야기를 시작했다""고 설명했다. '길복순', '경관의 피', '더 킹' 등 다양한 작품에서 조감독으로 내공을 다져온 그는 이번 작품으로 첫 연출에 나섰다. 공개 직후 '사마귀'는 글로벌 TOP 10(비영어 영화) 부문 3위에 올랐다. 이 감독은 ""실감은 안난다. 감개무량하"
"니콜 키드먼, 키스 어번과 이혼 ""각자 월 소득 1억 이상..위자료 無""[★할리우드]","배우 니콜 키드먼이 컨트리 가수 키스 어번과 19년 간의 결혼 생활을 마치고, 이혼한다. 지난 9월 30일(현지시간) CNN, BBC 등 다수의 현지 매체는 니콜 키드먼이 테니시주 법원에 ""니콜 키드먼이 최근 법원에 이혼 소장을 제출했고, 결혼 생활이 '합의할 수 없는 차이'로 인해 더 이상 유지될 수 없다고 밝혔다""고 보도했다. 이는 니콜 키드먼과 키스 어번의 별거 보도가 나온지 딱 하루 만이다. 피플은 두 사람의 이혼 조건을 상세하게 밝혔다. 특히 키스 어번은 지난 8월 29일, 니콜 키드먼은 9월 6일에 두 딸의 공동 양육권을 다루는 양육 계획서에 서명했다. 부부의 양육 계획 합의서에 따르면, 두 딸은 1년 중 306일을 니콜 키드먼과 함께 보내고, 59일을 키스 어번과 함께 보낸다. 키스 어번은 토요일 오전 10시부터 일요일 오후 6시까지 격주로 두 딸을 돌볼 예정이다. 키스 어번은 니콜 키드먼에게 각 자녀가 고등학교를 졸업할 때까지의 학비, 기타 보육 관련 비용 등 모든 금"
"조우진, 위고비 없이 8kg 빠질 만하네‥‘보스’ 지독한 홍보","'보스' 개봉을 앞둔 조우진, 박지환이 홍보에 박차를 가한다. 오는 10월 3일 개봉하는 영화 '보스'(감독 라희찬)는 조직의 미래가 걸린 차기 보스 선출을 앞두고 각자의 꿈을 위해 서로에게 보스 자리를 치열하게 ‘양보’하는 조직원들의 필사적인 대결을 그린 코믹 액션 영화. 먼저 오늘 오후 6시에 공개되는 다이나믹 듀오 최자의 유튜브 예능 '최자로드'에는 조우진과 박지환이 나란히 출연해 개봉을 이틀 앞두고 열혈 홍보 행보를 이어간다. 특히 두 사람과 정경호, 이규형은 ‘TEAM 보스’로서 다이나믹 듀오와 함께 컬래버 신곡을 발표하며 색다른 케미를 선보인 특별한 인연을 자랑한다. 이어 조우진과 박지환은 4일 오후 8시에 방영되는 유연석의 유튜브 예능 '주말연석극'에서 다시 한번 환상 토크 호흡을 자랑할 예정이다. 프로그램 진행을 맡은 유연석과 함께 같은 배우로서의 진한 공감대를 바탕으로, '보스'에 얽힌 흥미로운 비하인드 스토리와 더불어 서로에 대한 깊은 공감과 존중이 담긴 진솔한 대"
"'보스' 홍보핑 조우진·박지환, '최자로드'→'주말연석극' 출격","10월 3일(금) 개봉을 앞두고 뜨거운 기대를 한 몸에 모으고 있는 '보스' 의 조우진, 박지환이 바로 오늘(1일) [최자로드], 오는 토요일(4일)에는 [주말연석극] 출연 소식을 알리며 홍보 열기에 박차를 가한다. [감독: 라희찬 출연: 조우진, 정경호, 박지환, 이규형, 오달수, 황우슬혜, 정유진, 고창석 그리고 이성민 제작: (주)하이브미디어코프 제공/배급: (주)하이브미디어코프, (주)마인드마크] 조직의 미래가 걸린 차기 보스 선출을 앞두고 각자의 꿈을 위해 서로에게 보스 자리를 치열하게 ‘양보’하는 조직원들의 필사적인 대결을 그린 코믹 액션 영화 '보스' 가 ‘홍보핑’답게 다양한 유튜브 채널을 섭렵하는 행보로 작품에 대한 예비 관객들의 기대감을 더욱 뜨겁게 달군다. 먼저 오늘 오후 6시에 공개되는, 다이나믹 듀오 소속 최자의 유튜브 예능 [최자로드]에는 조우진과 박지환이 나란히 출연해 개봉을 이틀 앞두고 열혈 홍보 행보를 이어간다. 특히 앞서 두 사람과 정경호, 이규형 배우"
"엄마의 커밍아웃, 아들의 유튜버 선언... 대환장 2박 3일","정하는 강원도 춘천의 한 고등학교에서 평범하게 교사 생활을 하고 있다. 그녀는 오래전 남편을 교통사고로 잃고 아들 진우를 캐나다로 유학 보내놓았는데, 어느 날 갑자기 진우가 짠 하고 그녀의 눈앞에 나타난 게 아닌가? 그것도 여자친구 제니와 함께 말이다. 그녀는 이참에 아들에게 비밀들을 털어놓으려 한다. 암이 발병했다는 사실과 여자친구 지선의 존재, 그리고 레즈비언 커밍아웃. 그런데 제대로 말을 꺼낼 새도 없이 진우가 먼저 정하에게 폭탄 발언을 한다. 직장 생활을 그만두고 요리 유튜버가 되겠다는 것이었다. 아울러 제니와 결혼할 예정이라는 것. 상황이 이상하게 흘러가며 정하가 우물쭈물하고 있는 사이 느닷없이 캐나다에서 진우의 여자친구 제니의 부모인 문철과 하영이 찾아온다. 황당하고 당황스러울 새도 없이 숙소 예약 문제가 발생한다. 제니의 부모가 갈 데가 마땅찮아진 것. 결국 정하의 집에 모두 모인다. 정하는 물론 그녀의 여자친구 지선, 진우와 제니, 제니의 부모까지 2박 3일간의 짧은"
"‘극장판 귀멸의 칼날: 무한성편’, 올해 韓박스오피스 매출액 1위(공식)","사진=애니맥스브로드캐스팅코리아 제공 ‘극장판 귀멸의 칼날: 무한성편’이 올해 국내 박스오피스 최고 매출 기록을 달성했다. 영화 ‘극장판 귀멸의 칼날: 무한성편’이 개봉 39일 만에 500만 관객을 돌파하며 2025년 전체 박스오피스 3위에 자리한 가운데, 또 한 번의 기록을 세우며 흥행 질주를 이어가고 있다. 영화진흥위원회 통합전산망 지난 9월 30일 기준 매출액 545억 3,986만 원으로 2025년 국내 개봉작 중 최고 매출 기록을 달성하며, 글로벌 흥행과 함께 국내에서도 압도적 흥행 열풍을 입증했다. 이는 'F1 더 무비'와 '미션 임파서블: 파이널 레코닝' 등 할리우드 블록버스터들의 기록을 넘어선 것일 뿐만 아니라, IMAX, 4D, 돌비시네마 등 특수관의 인기가 두드러지게 나타나며 올해 최고 흥행작임을 증명했다. 이어 글로벌 흥행 수익 역시 6억 달러(한화 8412억 원) 돌파, '미션 임파서블: 파이널 레코닝' , '판타스틱 4: 새로운 출발'을 넘고 2025년 글로벌 흥"
"에버랜드, ‘케데헌’ 테마존 오픈 닷새만에 1만명 방문… 로이터, AFP 등 외신에서도 관심↑","에버랜드 케이팝 데몬 헌터스 테마존. 사진 | 에버랜드 에버랜드가 올가을 ‘케데헌 성지’로 떠오르며 화제를 모으고 있다. 삼성물산 리조트부문(사장 정해린) 에버랜드는 넷플릭스와 협업해 선보인 ‘케이팝 데몬 헌터스’(이하 ‘케데헌’)테마존이 매일 국내외 팬들의 오픈런과 함께 닷새만에 1만명이 방문하며 폭발적인 반응을 보이고 있다고 1일 밝혔다. ‘케데헌’는 대한민국의 주요 명소를 배경으로 케이팝 걸그룹이 악령들과 싸우는 이야기를 다룬 애니메이션으로, 국내는 물론 전세계적으로 열풍을 일으키고 있는 작품이다. 에버랜드에 마련된 테마존에서는 ‘헌트릭스’, ‘사자 보이즈’, K-분식 등 ‘케데헌’의 캐릭터와 세계관을 포토존, 미션게임, OST 등 다채로운 콘텐츠로 경험할 수 있어 최초 콜라보 예고 때부터 고객들의 많은 기대를 받은 바 있다. 전 세계적인 ‘케데헌’의 인기를 증명하듯 로이터, AFP 등 외신들도 테마존 오픈 소식을 주목하며 에버랜드에 직접 방문해 현장 취재를 진행하기도 했다."
끝없는 싸움의 순환  그린 '원 배틀 애프터 어나더',"▲  영화 '원 배틀 애프터 어나더'의 한 장면 ⓒ 워너브러더스 코리아㈜ 폴 토마스 앤더슨 감독의 신작 <원 배틀 애프터 어나더(One Battle After Another)>는 토머스 핀천(Thomas Pynchon)의 소설 <바인 랜드( Vineland )>(1990)를 영화화한 작품으로, 제목 그대로 '끝없는 싸움'의 은유다. 액션 블록버스터의 스펙터클을 품으면서도, 그 중심에는 혁명과 권력, 가족이라는 묵직한 질문이 자리하고 있다. 주인공 밥(레오나르도 디카프리오)은 한때 급진 혁명 조직 French 75의 일원이었으나, 실패한 작전 이후 아내 페르피디아(테야나 테일러)를 잃고 딸 윌라를 홀로 키우며 은둔 생활을 한다. 세월이 흐른 뒤, 과거의 적이자 이제는 권력층에 올라선 락조 대령(션 펜)이 나타나면서 밥의 세계는 다시 흔들린다. 밥은 옛 동료들을 소집해 딸 윌라 구출 작전을 벌이고, 각종 음모, 반란, 액션의 연속을 겪게 된다. 그 과정에서 죽은 줄 알았던 페르피디아가"
"[단독] 조여정x김유정, ‘소리도 없이’ 감독 만난다..영화 ’복수귀’ 출연","배우 조여정과 김유정이 '복수귀'로 만난다. 1일 OSEN 취재에 따르면, 배우 조여정과 김유정이 홍의정 감독의 신작 영화 '복수귀' 출연 제안을 받고 검토하고 있는 것으로 알려졌다. 영화 '복수귀'는 홍의정 감독의 신작으로, 홍의정 감독은 지난 2020년, 직접 각본을 쓰고 연출을 맡은 첫 장편작 '소리도 없이'를 선보인 바 있다. 당시 '소리도 없이'는 홍의정 감독에게 2021년 청룡영화상 신인감독상과 백상예술대상 감독상의 영예를 안겨주기도 했다. 이후 '복수귀'를 통해 '소리도 없이'를 통해 인연을 맺었던 주역 배우 유아인과 다시 재회를 고려하기도 했으나, 유아인의 마약류 투약 혐의에 휩싸이면서 무산되기도. 이에 캐스팅을 두고 고심에 나선 가운데, 배우 김유정과 조여정이 합류에 '청신호'를 보이고 있어 눈길을 끈다. 조여정은 1997년 잡지 'CeCi' 모델로 데뷔한 이후 영화 ‘방자전’, ‘후궁’, ‘표적’, ‘인간중독’뿐만 아니라 KBS1 ‘집으로 가는 길’, tvN ‘로맨"
"영화 '달려라 하니' 제작진, 나애리를 주인공 삼은 진짜 이유","▲  애니메이션 <나쁜 계집애: 달려라 하니>의 한 장면. ⓒ ㈜플레이칸 영원한 라이벌이던 하니와 나애리가 한 팀이 된다면? 그리고 공동의 목표를 향해 함께 뛴다면 그 여정이 어떻게 다가올까. 40년 만에 극장판 애니메이션으로 탄생한 <나쁜 계집애: 달려라 하니>는 그 상상에서 출발한 작품이었다. 1970년, 80년대를 살아온 세대들에겐 향수를, 그 이후 세대들에겐 달리기라는 스포츠의 매력과 만화의 재미를 순수 한국만의 캐릭터와 이야기로 선사한다는 목표로 관객과 만남을 기다리고 있다. 지난 9월 30일 서울 홍대입구역에 위치한 제작사 플레이칸 사무실에서 만난 송원형 피디와 허정수 감독은 공통으로 부담감과 기대감을 드러냈다. 그도 그럴 것이 1985년 잡지 <보물섬> 연재 이후 TV 애니메이션(1988년)으로 탄생해 인기 캐릭터로 부상했기 때문. 이후 한국만화 및 애니메이션 산업이 부침을 겪으며 그 존재감이 옅어지던 차에 지금의 제작진들이 그 명맥을 잇기 위해 분투한 과정이 있었다."
'귀멸의 칼날: 무한성편' 신드롬..매출액 545억 돌파 '올해 1위',"500만 관객을 돌파하며 2025년 전체 박스오피스 TOP 3에 오른 화제작 '극장판 귀멸의 칼날: 무한성편'이 한국 성우 무대인사 매진에 이어 25년 국내 박스오피스 최고 매출 기록까지 달성하며 역대급 반응을 이어가고 있다. '극장판 귀멸의 칼날: 무한성편'이 개봉 39일만에 500만 관객을 돌파하며 2025년 전체 박스오피스 3위에 자리한 가운데, 또 한 번의 기록을 세우며 흥행 질주를 이어가고 있다. 먼저 10월 3일 메가박스 코엑스에서 예정된 한국 성우 무대인사는 예매 오픈과 동시에 전석 매진을 기록하며 폭발적인 인기를 입증했다. '탄지로'(이경태 성우), '기유'(정재헌 성우), '아카자'(남도형 성우)까지 인기 캐릭터들의 한국어 더빙을 맡은 성우들의 첫 공식 행사로 팬들의 마음을 설레게 하고 있다. 그런 가운데, 이번 작품은 영화진흥위원회 통합전산망 9월 30일 기준 매출액 545억 3986만 원으로 25년 국내 개봉작 중 최고 매출 기록을 달성하며, 글로벌 흥행과 함께"
조시연 ‘보스’ 출연···조우진-황우슬혜 딸 미미 역,"배우 조시연이 ‘보스’에 출연한다. 1일, 소속사 킹콩 by 스타쉽 측은 “조시연이 영화 ‘보스’(감독 라희찬, 제작 ㈜하이브미디어코프, 제공/배급 (주)하이브미디어코프, (주)마인드마크)에 출연한다. 스크린에 등장할 조시연에게 많은 기대와 관심 부탁드린다”라고 전했다. ‘보스’는 조직의 미래가 걸린 차기 보스 선출을 앞두고 각자의 꿈을 위해 서로에게 보스 자리를 치열하게 ‘양보’하는 조직원들의 필사적인 대결을 그린 코믹 액션 영화다. 조우진, 정경호, 박지환,이규형 등 믿고 보는 배우들의 조합과 신선한 스토리로 예비 관객들의 기대감을 한껏 끌어올리며 올 추석 극장가에서 웃음 보스를 노리고 있는 상황. 이 가운데 조시연은 조직의 2인자이자 중식당 미미루의 주방장인 ‘순태’(조우진 분) 그리고 그의 아내 ‘지영’(황우슬혜 분)의 딸 ‘미미’ 역을 맡았다. 미미는 부모의 사랑을 듬뿍 받고 자란 인물로, 조직 세계에 몸담은 순태와 그를 휘어잡는 지영 사이에서 태어난 만큼 범상치 않은 존재"
545억 번 ‘귀멸의 칼날’ 올해 박스오피스 최고 매출‥톰 크루즈도 이겼다,"500만 관객을 돌파한 '극장판 귀멸의 칼날: 무한성편'이 올해 국내 박스오피스 최고 매출 기록까지 달성했다. 9월 30일 기준 영화진흥위원회 통합전산망 집계에 따르면, 일본 애니메이션 '극장판 귀멸의 칼날: 무한성편'(감독 소토자키 하루오)이 매출액 545억3,986만 원을 기록하며 올해 국내 개봉작 최고 매출 기록을 달성했다. 이는 브래드 피트 주연 'F1 더 무비'와 톰 크루즈 주연 '미션 임파서블: 파이널 레코닝' 등 할리우드 블록버스터의 기록을 넘어선 것이어서 눈길을 끈다. 글로벌 흥행 수익 역시 6억 달러(한화 8412억 원)를 돌파한 가운데, '미션 임파서블: 파이널 레코닝', '판타스틱 4: 새로운 출발'을 넘고 2025년 글로벌 흥행 8위를 차지하기도 했다. 국내서는 개봉 39일 만에 500만 관객을 돌파하며 올해 전체 박스오피스 3위에 자리한 가운데, 흥행 질주가 어디까지 이어질지 주목된다."
"니콜 키드먼, 재혼 19년 만에 파경…""해소할 수 없는 차이"" 이혼 소송","호주 출신 할리우드 스타 니콜 키드먼(58)이 컨트리 가수 키스 어번(57)과 결혼 19년 만에 파경을 맞았다는 소식이 전해진 가운데, 이혼 소송에 돌입했다는 보도가 나왔다. 가수 키스 어번, 배우 니콜 키드먼. (사진=로이터) 1일(한국시간) 미국 연예매체 TMZ 등 외신 보도에 따르면, 니콜 키드먼은 이날 자택이 위치한 테네시주 내슈빌에서 어번을 상대로 이혼 소송을 제기한 것으로 알려졌다. 니콜 키드먼 측은 이혼 소송 제기 사유로 “해소할 수 없는 차이”를 든 것으로 전해졌다. TMZ는 이혼 서류를 입수해 확인한 결과 키드먼과 어번이 이미 이혼 후 자녀 양육권과 양육비에 대한 합의를 마쳤고 세부 사항 조율을 위해 긴 시간 논의했던 것으로 추측된다고 보도했다. 하지만 키드먼 측이 이날 갑작스럽게 이혼 소송을 결정했다고 TMZ는 소식통을 인용해 전했다. 전날 외신들은 어번이 지난 6월 자택을 떠났고, 이들 부부가 현재까지 별거 중이었다며 파경 소식을 보도한 바 있다. 키드먼이 결혼"
545억원 번 '귀멸의 칼날:무한성편' 올해 매출 1위 영화,"일본 애니메이션 영화 '극장판 귀멸의 칼날:무한성편'이 매출액 기준 올해 국내 공개 영화 중 가장 흥행한 작품이 됐다. '귀멸의 칼날:무한성편'은 10월1일 누적 매출액 545억3900만원을 기록해 올해 가장 큰 수익을 올린 영화가 됐다. 2위는 'F1 더 무비' 544억원이고, 3위는 '좀비딸' 530억원이다. 다만 관객수로는 '좀비딸'이 1위(562만명), 'F1 더 무비'(514만명)가 2위 '귀멸의 칼날:무한성편'(502만명)이 3위다. '귀멸의 칼날:무한성편'이 관객수로는 3위인데 매출액으로는 1위인 건 그만큼 이 작품을 특수 상영관에서 본 관객이 많았다는 걸 뜻한다. '귀멸의 칼날'은 고토게 코요하루 작가가 2016년 내놓은 동명 만화가 원작이다. 2019년 TV애니메이션으로 만들어졌고, 2020년엔 첫 번째 영화 '극장판 귀멸의 칼날:무한열차편'이 나왔다. '무한열차편'은 이듬해 국내에서 개봉해 222만명이 봤다. 일본에선 역대 일본 영화 흥행 수익 1위(매출액 약 40"
"""韓 애니 시대를 알리는 영화""…'연의 편지' 실관람객 반응 터졌다","10월 1일(수) 바로 오늘 개봉한 영화 '연의 편지'가 개봉과 동시에 실관람객들의 뜨거운 호평을 얻으며 입소문 흥행의 신호탄을 쏘아 올렸다. [제공/배급: 롯데엔터테인먼트┃제작: 스튜디오리코, 스튜디오N┃공동제작: 씨엠씨미디어┃감독: 김용환┃목소리 출연: 이수현, 김민주, 민승우, 남도형 외] 책상 서랍에서 우연히 의문의 편지를 발견하게 된 전학생 ‘소리’가 편지 속 힌트로 이어지는 다음 편지들을 찾아가며 벌어지는 이야기를 담은 애니메이션 영화 '연의 편지'가 개봉과 동시에 압도적인 실관람객들의 호평을 이끌며 CGV에그지수 100%, 네이버 실관람객 9.75점, 롯데시네마 9.7점, 메가박스 9.5점을 기록했다. 이는 '어쩔수가없다', '얼굴' 등 현재 박스오피스를 점령 중인 인기 영화들은 물론, '극장판 귀멸의 칼날: 무한성편', '극장판 체인소 맨: 레제편' 등 탄탄한 팬층을 보유한 일본 인기 애니메이션들의 기록까지 넘어선 압도적인 수치다. 영화를 접한 관객들은 “한국애니의 시"
"Hospital warns kids, parents not to slurp like Demon Hunters","U.S. authorities and parents are on alert as children lately have been mimicking a ""KPop Demon Hunters"" scene where K-pop stars eat boiling-hot instant ramyeon as part of an online video challenge. Shriners Children’s Hospital in Boston issued a statement on its official website saying that cup noodles account for roughly one-third of burn injuries among children, according to the New York Times on Monday. The hospital warned against the growing popularity of trends like the “#KPopNoodleChalleng"
"조시연, 차기 '보스' 후보 딸로 변신…조우진·황우슬혜와 가족 케미","배우 조시연이 ‘보스’에 출연한다. 1일, 소속사 킹콩 by 스타쉽 측은 “조시연이 영화 ‘보스’(감독 라희찬, 제작 ㈜하이브미디어코프, 제공/배급 (주)하이브미디어코프, (주)마인드마크)에 출연한다. 스크린에 등장할 조시연에게 많은 기대와 관심 부탁드린다”라고 전했다. ‘보스’는 조직의 미래가 걸린 차기 보스 선출을 앞두고 각자의 꿈을 위해 서로에게 보스 자리를 치열하게 ‘양보’하는 조직원들의 필사적인 대결을 그린 코믹 액션 영화다. 조우진, 정경호, 박지환,이규형 등 믿고 보는 배우들의 조합과 신선한 스토리로 예비 관객들의 기대감을 한껏 끌어올리며 올 추석 극장가에서 웃음 보스를 노리고 있는 상황. 이 가운데 조시연은 조직의 2인자이자 중식당 미미루의 주방장인 ‘순태’(조우진 분) 그리고 그의 아내 ‘지영’(황우슬혜 분)의 딸 ‘미미’ 역을 맡았다. 미미는 부모의 사랑을 듬뿍 받고 자란 인물로, 조직 세계에 몸담은 순태와 그를 휘어잡는 지영 사이에서 태어난 만큼 범상치 않은 존재"
"세계 최초 영화관이 무대로…롯데컬처웍스, '샤롯데 더 플레이' 론칭","문화를 선도하는 종합 콘텐츠 기업 롯데컬처웍스(대표이사 김종열)가 세계 최초 영화관에서 펼쳐지는 체험형 공연 브랜드 ‘샤롯데 더 플레이’를 론칭한다. ‘샤롯데 더 플레이’는 영화와 공연을 융합한 신개념 체험형 콘텐츠로, 객석에 가만히 앉아 공연을 보는 것이 아닌 이야기 속에 직접 들어가 무대 위 주인공과 교감하는 경험을 추구한다. 롯데시네마 신도림 공간 전체를 하나의 공연 무대이자 영화 세트로 활용함으로써, 관객은 배우와 함께 자유롭게 영화관 곳곳을 돌아다니며 이야기에 참여하게 된다. ‘샤롯데 더 플레이’는 세계 최초로 영화관의 실제 공간 전체를 그대로 활용해 스토리가 전개되는 공연형 콘텐츠라는 점에서 의미가 크다. 영화관 스크린에서 송출되는 영상과 눈앞에서 펼쳐지는 배우들의 연기가 어우러지며 몰입을 최고조로 끌어올리고 영화와 현실의 경계를 무너뜨린다. 생동감 넘치는 현장 속에서 관객은 단순히 ‘보는 존재’가 아니라 이야기를 완성하는 또 하나의 주인공으로 거듭나 새로운 자극을 경험하"
영화관이 무대 된다…롯데컬처웍스 ‘샤롯데 더 플레이’ 공개,"롯데컬처웍스가 세계 최초 영화관에서 펼쳐지는 체험형 공연 브랜드 ‘샤롯데 더 플레이’를 론칭한다.   사진 = 롯데컬처웍스 롯데컬처웍스가 세계 최초 영화관에서 펼쳐지는 체험형 공연 브랜드 ‘샤롯데 더 플레이’를 론칭한다. ‘샤롯데 더 플레이’는 영화와 공연을 융합한 신개념 체험형 콘텐츠로, 객석에 가만히 앉아 공연을 보는 것이 아닌 이야기 속에 직접 들어가 무대 위 주인공과 교감하는 경험을 선사한다. 롯데시네마 신도림 공간 전체를 하나의 공연 무대이자 영화 세트로 활용함으로써, 관객은 배우와 함께 자유롭게 영화관 곳곳을 돌아다니며 이야기에 참여하게 된다. ‘샤롯데 더 플레이’는 세계 최초로 영화관의 실제 공간 전체를 그대로 활용해 스토리가 전개되는 공연형 콘텐츠라는 점에서 의미가 크다. 영화관 스크린에서 송출되는 영상과 눈앞에서 펼쳐지는 배우들의 연기가 어우러지며 몰입을 최고조로 끌어올리고 영화와 현실의 경계를 무너뜨린다. 생동감 넘치는 현장 속에서 관객은 단순히 ‘보는 존재’가 아"
"[최정아의 연예It수다] 당신, 추하지 않나요?…‘얼굴’로 보는 뒷담과 동조의 심리","영화는 때로 한 사람의 생애를 기록하면서, 동시에 우리 사회 전체의 민낯을 드러낸다. 연상호 감독의 신작 얼굴의 줄거리는 간단하다. 시각장애를 딛고 전각장인으로 불리는 임영규(권해효)와 살아가던 아들 임동환(박정민)이 40년간 묻혀 있던 어머니의 죽음에 대한 미스터리를 파헤치는 이야기를 그린다. 영화는 장애와 사회적 편견, 그리고 추함이라는 기준에 대해 날카로운 질문을 던진다. 영화는 다층적 구조를 택한다. 40년 만에 백골로 발견된 어머니 정영희의 죽음을 둘러싼 미스터리, 그리고 이 얼굴 없는 여인의 실체를 파헤치는 다섯 번의 인터뷰가 동시에 진행된다. 영화를 따라가다 보면 개인의 비극이 곧 사회의 이야기임을 깨닫게 된다. 박정민은 과거와 현재의 임영규·임동환을 1인 2역으로 소화하며 인물의 심리적 깊이를 보여주고, 신현빈은 정영희의 정체성을 목소리와 신체 일부로 표현하며 절제된 연기를 펼친다. 권해효의 후반부 연기는 백미. 배우들의 연기가 하나의 퍼즐 조각처럼 맞물리며 영화의 긴"
"롯데컬처웍스, 체험형 공연 ‘샤롯데 더 플레이’ 론칭","롯데컬처웍스가 세계 최초 영화관에서 펼쳐지는 체험형 공연 브랜드 ‘샤롯데 더 플레이’를 론칭한다고 17일 밝혔다. ‘샤롯데 더 플레이’는 영화와 공연을 융합한 신개념 체험형 콘텐츠로, 객석에 가만히 앉아 공연을 보는 것이 아닌 이야기 속에 직접 들어가 무대 위 주인공과 교감하는 경험을 선사한다. 롯데시네마 신도림 공간 전체를 하나의 공연 무대이자 영화 세트로 활용함으로써, 관객은 배우와 함께 자유롭게 영화관 곳곳을 돌아다니며 이야기에 참여하게 된다. ‘샤롯데 더 플레이’는 세계 최초로 영화관의 실제 공간 전체를 그대로 활용해 스토리가 전개되는 공연형 콘텐츠라는 점에서 의미가 크다. 영화관 스크린에서 송출되는 영상과 눈앞에서 펼쳐지는 배우들의 연기가 어우러지며 몰입을 최고조로 끌어올리고 영화와 현실의 경계를 무너뜨린다. 생동감 넘치는 현장 속에서 관객은 단순히 ‘보는 존재’가 아니라 이야기를 완성하는 또 하나의 주인공으로 거듭나 새로운 자극을 경험하게 된다. 롯데컬처웍스는 이를 통해"
"박진영 대중문화교류위 출범…민간위원 26인 발표, SM·YG·하이브 합류",박진영 JYP엔터테인먼트 총괄 프로듀서가 공동위원장을 맡아 지휘하는 대중문화교류위원회가 공식 출범했다. 민간위원 26명을 확정하고 조직 인선을 마무리한 대중문화교류위원회는 화예술 생태계 전반의 발전을 위해 본격적인 활동에 나선다. 사진=문화체육관광부 제공 박진영 JYP엔터테인먼트 총괄 프로듀서가 이끄는 대중문화교류위원회가 공식 출범한다. 문화체육관광부는 대통령 소속 대중문화교류위원회가 대중문화교류위원회에 참여하는 26명의 민간 위원 위촉 현황을 1일 밝혔다. 대중문화교류위원회는 지난달 9일 공동위원장으로 임명된 박진영과 최휘영 문체부 장관을 필두로 한 조직 인선을 마무리하고 본격적인 활동을 시작한다. 이날 출범식에는 JYP 소속 그룹 스트레이 키즈와 방시혁 의장이 이끄는 하이브 소속 그룹 르세라핌이 나서 축하 무대를 꾸민다. 대중문화교류위원회는 대중문화교류 정책의 국가적 비전을 수립하고 민관협력을 강화함으로써 우리나라 대중문화의 지속적인 확산을 도모하고 문화강국을 구현하기 위해 설립
"밀라 요보비치, 국군의 날 맞아 韓군인에 하트 보냈다 “감사합니다”","밀라 요보비치가 국군의 날을 맞아 한국 군인들에게 특별한 인사와 감사를 보냈다. 밀라 요보비치가 주연한 영화 '프로텍터'(감독 애드리언 그런버그)는 범죄 집단에게 납치된 딸 클로이를 72시간 안에 찾아야 하는, 미국 특수부대 요원 출신인 니키 할스테드(밀라 요보비치)의 숨막히고 자비 없는 추격 액션을 그린 작품이다. 국군의 날을 맞아 애드리언 그런버그 감독은 “언제나 최전선에서 나라를 지켜주시는 군인 여러분께 존경과 감사를 전한다”며 따뜻한 메시지를 전했고, 전직 군인 ‘니키’ 역을 맡은 밀라 요보비치는 함께 손 키스를 보내며 깊은 존경을 표했다. 또한 밀라 요보비치는 “'프로텍터'에서 가족을 지키기 위해 싸우는 전직 군인 ‘니키’를 연기했다. 촬영하면서 군인분들의 강인한 정신을 느낄 수 있었기에 국군의 날이 더 특별하게 다가온다”며 진심 어린 소감을 밝히기도 했다. 마지막으로 두 사람은 “강인하고 뜨거운 투지가 빛나는 영화 '프로텍터'가 궁금하다면 극장에서 만날 수 있다”라는 멘트"
"이성민X염혜란, 어쩔 수가 없는 케미‥오늘 이금희 라디오 동반 출격","'어쩔수가없다'의 인기를 견인하고 있는 이성민과 염혜란이 나란히 영화 홍보에 나선다. 영화 '어쩔수가없다'(감독 박찬욱)의 이성민과 염혜란이 10월 1일 오후 7시 KBS 라디오 '사랑하기 좋은 날 이금희입니다'에 출연한다. 생방송 보이는 라디오로 진행되는 이번 방송에서 이성민은 재취업이 절실한 업계 베테랑 ‘범모’를 소화하기 위한 남다른 준비 과정부터, 염혜란과 부부로 호흡을 맞춘 소감까지 다채로운 이야기를 전할 예정이다. 염혜란은 풍부한 감성을 지닌 ‘아라’를 통해 선보인 색다른 연기 변신과, 촬영 현장에서의 비하인드를 전하며 청취자들의 흥미를 끌어올릴 것이다. 개봉 직후 ‘범모’와 ‘아라’ 부부의 특별한 케미로 관객들의 뜨거운 반응을 이끌어낸 만큼, 이번 라디오에서 두 배우가 직접 들려줄 다채로운 이야기에 기대가 모인다. 한편, '어쩔수가없다'는 ‘다 이루었다’고 느낄 만큼 삶이 만족스러웠던 회사원 ‘만수’(이병헌)가 덜컥 해고된 후, 아내와 두 자식을 지키기 위해, 어렵게 장"
"""블링블링"" 마포나루를 탈출한 청춘 3인방","디즈니+ 오리지널 사극 시리즈 <탁류>의 청춘3인방 로운, 신예은, 박서함의 독보적 아우라를 담은 글램슛이 공개됐다. 공개된 글램슛은 <탁류>에서 보여준 거친 모습을 벗어 던진 ‘탁류즈 3인방’ 로운, 신예은, 박서함의 신비로운 비주얼을 담아 시선을 이끈다. 순백의 의상을 입은 세 사람은 보는 것만으로도 감탄을 자아내는 아우라로 시선을 이끈다. 작품을 통해서 환상적인 연기 앙상블을 보여주고 있는 세 청춘, 이번 글램슛에서도 남다른 케미스트리로 조화를 이루며 이목을 집중시킨다. 디즈니+의 오리지널 사극 시리즈 <탁류>는 조선의 모든 돈과 물자가 모여드는 경강을 둘러싸고 혼탁한 세상을 뒤집고 사람답게 살기 위해 각기 다른 꿈을 꿨던 이들의 운명 개척 액션 드라마다. <탁류> 4~5회는 3일 공개된다. [사진=월트디즈니컴퍼니코리아]"
"신상출시, 웨이브를 새로운 방법.. ""신규 요금제,  광고형 상품""","온라인 동영상 서비스(OTT) 웨이브가 오늘(1일) 광고 시청을 조건으로 파격적인 할인 혜택을 제공하는 새로운 요금제 상품을 출시한다. 또한 티빙과 협력으로 강력한 콘텐츠 라인업을 갖춘 최초의 OTT 통합 광고형 상품도 선보인다. 웨이브가 새롭게 선보이는 상품은 '웨이브 광고형 스탠다드'와 '웨이브X티빙 더블 광고형 스탠다드' 2종이다. ‘웨이브 광고형 스탠다드'는 기존 ‘웨이브 스탠다드' 상품과 동일한 풀HD 화질 및 2인 동시 시청을 지원한다. 요금은 월 5,500원으로 기존 상품 대비 50% 가량 비용을 절감할 수 있다. 이용자들은 이 상품을 통해 웨이브의 방대한 드라마, 예능, 영화 및 오리지널 콘텐츠 라이브러리를 합리적 가격으로 즐길 수 있다. 웨이브는 또한 티빙과의 협력을 통해 '웨이브X티빙 더블 광고형 스탠다드' 상품도 선보인다. 많은 OTT들이 광고형 상품을 선보이고 있지만 주요 OTT간 결합 상품으로 선보이는 것은 이번이 처음이다. 각 서비스 상품을 개별적으로 이용할"
라스 폰 트리에의 불편한 질문.. '도그빌' 4K 리마스터링 개봉,"실험적이고 도발적인 작품으로 세계적인 명성을 거머쥔 라스 폰 트리에 감독의 <도그빌>이 10월 1일, 4K 리마스터링 버전으로 재개봉된다. 은 정체를 숨긴 채 외딴 마을 ‘도그빌’에 숨어든 ‘그레이스’와 그녀를 숨겨준 선량한 주민들 사이에서 벌어지는 충격적인 진실 게임을 담고 있다. 연출을 맡은 라스 폰 트리에 감독은 매 작품마다 도발적인 형식과 예리한 문제의식을 통해 전 세계 가장 문제적인 거장으로 손꼽히는 감독 중 한 명이다. 특히 <도그빌>은 라스 폰 트리에가 구상했지만 아직 미완성된 ‘기회의 땅, 미국 3부작’의 첫 장을 연 작품으로, 영화 형식적인 실험과 사회적 비판을 결합한 대표작으로 꼽힌다. 영화적 문법을 완전히 깨뜨린 파격적인 형식 속에서 인간 본성의 민낯을 드러내는 '걸작 중의 걸작'(The Village Voice)이라는 찬사를 받았다. <도그빌>은 벽도, 집도 없는 무대 위에 단지 선으로만 구획된 공간을 배치해 관객의 상상력을 자극하는 파격적 연출을 선보인다. 기"
"'국군의 날' 차은우, 영상 편지 공개…깜짝 메시지 전했다","영화 '퍼스트 라이드'의 배급사 쇼박스가 1일 국군의 날을 맞아 배우 차은우의 특별한 인사를 공개했다. 현재 군 복무 중인 차은우는 입대 전 촬영한 영상 편지와 직접 쓴 손 편지를 통해 영화 '퍼스트 라이드' 팀과 예비 관객들에게 메시지를 전했다. 차은우는 영상에서 ""학창 시절의 추억, 향수, 뜨거움을 다시 느끼길 바란다""며 ""추억에 잠길 만한 포인트들을 극장에서 크게, 생생하게 즐겨달라""고 전했다. 친필 편지에서는 ""'퍼스트 라이드'는 정말 열심히, 즐겁게 촬영한 작품""이라며 ""비록 현장에서 함께하지는 못하지만 이곳에서 응원을 보내겠다. '퍼스트 라이드' 많이 사랑해달라""고 당부했다. 영화 '퍼스트 라이드'는 끝을 보는 놈 태정(강하늘), 해맑은 놈 도진(김영광), 잘생긴 놈 연민(차은우), 눈 뜨고 자는 놈 금복(강영석), 사랑스러운 놈 옥심(한선화)까지 24년 지기 친구들이 첫 해외여행을 떠나며 벌어지는 좌충우돌을 그린 코미디다. 오는 10월 29일 개봉한다. 차은우는 극 중"
'아바타: 불과 재'를 보기 전 '아바타: 물의 길' 복습,"12월 <아바타: 불과 재>의 개봉을 앞두고 오늘(1일)부터 단 일주일 동안 <아바타: 물의 길>을 극장에서 3D 포맷으로 만나볼 수 있다. 2022년 12월, 국내 1,080만 관객을 동원하며 역대급 신드롬을 자아냈던 <아바타: 물의 길>이 오늘(10/1, 수)부터 단 일주일간 CGV와 메가박스, 롯데시네마에서 3D 포맷으로 재개봉하며 국내 관객들과 만난다. <아바타: 물의 길>은 아름답고 경이로운 판도라의 바다를 스크린에 담아내며 전 세계 영화 팬들에게 궁극의 영화적 경험을 선사한 작품이다. 이에 이번 재개봉 소식은 국내 관객들에게 또 한 번 특별한 경험을 선사할 것으로 기대된다. 재개봉에 맞춰 <아바타> 시리즈의 연출을 맡은 제임스 카메론 감독이 한국 팬들에게 특별 인사를 전했다. 제임스 카메론 감독은 “저희는 <아바타>와 <아바타: 물의 길>을 통해 스크린을 넘어선 새로운 세계를 보여드리기 위해 최선을 다했습니다. <아바타: 물의 길>이 극장 재개봉으로 돌아옵니다. 다시 판도"
'트론:아레스' 특별포스터... 빛의 속도로 '광화문' 질주,"8일 개봉하는 비주얼 액션 블록버스터 ‘트론: 아레스’가 한국 전통의 미와 영화의 트렌디한 무드를 동시에 담아낸 광화문 랜드마크 포스터를 공개했다. ‘트론: 아레스’는 가상 세계에서 현실 세계로 넘어온 고도 지능 AI 병기 아레스의 등장으로 시작되는 통제 불가의 위기를 그린 압도적 비주얼 액션 블록버스터 영화다. 이번에 공개된 광화문 랜드마크 포스터는 서울의 중심 광화문을 배경으로 펼쳐지는 라이트 사이클 액션을 역동적으로 포착해 강렬한 시각적 임팩트를 선사한다. 단아하면서도 웅장한 전통 건축물과 미래적 감각이 돋보이는 ‘트론: 아레스’의 세계관이 완벽하게 어우러지며, 전통과 현대가 공존하는 서울의 매력을 극대화했다. 해당 포스터는 이브 킴 역의 그레타 리 내한 당시 삼청동에서 진행된 ‘트론: 서울의 밤’ 행사에서 깜짝선물로 공개되며 현장 분위기를 더욱 뜨겁게 달궜고, 선물을 받은 그레타 리는 “정말 마음에 들어요”라고 감탄을 표해 눈길을 끌었다. 이처럼 한국 관객들을 위해 특별 제작"
"KBL 프로농구, CGV에서 본다","CJ ENM이 CJ CGV와 KBL과 함께 ‘2025-2026 LG전자 프로농구' 극장 생중계 업무 협약(MOU)을 체결했다. CJ ENM은 프로농구 주관방송사로서 2024-2025 시즌부터 자사 스포츠 전문 채널인 tvN SPORTS를 통해 프로농구 주요 경기를 생중계하고 있다. 30일 2025-2026 LG전자 프로농구 시즌 개막을 앞두고 진행된 협약식은 CGV용산아이파크몰에서 진행됐으며, CJ ENM 구교은 스포츠사업부장, CJ CGV 고재수 시네마사업본부장과 KBL 신해용 사무총장 등 주요 관계자들이 참석했다. 이번 업무 협약을 통해 프로농구를 전 국민이 즐길 수 있도록 관람의 기회를 넓히고, 농구 팬들과 함께하는 소통의 장을 다채롭게 마련해 나간다는 계획이다. CJ ENM과 CJ CGV는 2025-2026 시즌 프로농구 주요 경기들의 극장 생중계를 확대한다. 시즌 개막전을 시작으로 연말에 진행되는 농구영신, 챔피언결정전 등 주요 경기를 중심으로 극장 생중계를 확대해 나갈 예"
"돌비 경험, 최강의 시네마 경험.. '아바타: 물의 길'에서 '체인소 맨: 레제'","메가박스가 최장 열흘의 추석 연휴를 앞두고 생생한 비주얼과 사운드로 차별화된 영화 관람 경험 제공할 10월 개봉작 네 편 <아바타: 물의 길>, <워킹맨>, <극장판 체인소 맨: 레제편>, <8번 출구>를 돌비 시네마로 상영한다. 1일 돌비 시네마가 2020년 7월 국내 개관한 이후, 5년간 가장 많은 관객을 기록한 작품 <아바타: 물의 길>이 재개봉한다. 판도라 행성에서 제이크 설리와 네이티리가 이룬 가족이 겪게 되는 무자비한 위협과 살아남기 위해 떠나야 하는 긴 여정과 전투, 그리고 견뎌내야 할 상처에 대한 이야기를 담았다. 수중 퍼포먼스 캡처 등 최첨단 기술로 구현한 신비롭고 청량한 수중 세계는 돌비 비전을 통해 눈앞에 생생하게 펼쳐지며, 끝나지 않은 나비족과 인간의 치열한 전투는 돌비 애트모스의 다이내믹한 사운드로 긴장감이 배가된다. 같은 날 제이슨 스타뎀 주연 액션 영화 <워킹맨>이 개봉한다. 건설 노동자로 평범하게 살던 전직 영국 왕립 해병대 특수요원 ‘레본’이 상사의 납"
"[팝업★]손예진, ♥현빈 철벽남 면모에 엄지척 “예진핸드 아니면 손하트 거절”","배우 현빈, 손예진/사진=헤럴드POP DB 손예진이 남편 현빈의 철벽남 면모를 치켜세웠다. 아이즈매거진 측은 최근 “예진핸드 언니 아니면 손 하트 안 해주는 남자...”라고 전했다. 이어 “위트까지 갖춘 완벽한 철벽남 현빈이 영화 ‘보스’ 시사회 현장에 도착했습니다”라고 덧붙였다. 이번에 함께 공개된 영상에는 ‘보스’ VIP 시사회에 참석, 포토월 앞에 선 현빈의 모습이 담겨있다. 사진=아이즈매거진 채널 무엇보다 현빈은 반쪽 손 하트 요청을 손으로 접으며 철벽남 면모를 드러내고 있어 눈길을 사로잡았다. 사진=아이즈매거진 채널 이에 현빈의 아내인 배우 손예진은 ‘좋아요’를 누르며 선글라스 쓴 이모티콘과 엄지척 이모티콘을 남겨놔 훈훈함을 자아냈다. 한편 손예진은 현빈과 결혼해 슬하에 1남을 두고 있다. 손예진, 현빈 부부는 영화 ‘협상’에 이어 드라마 ‘사랑의 불시착’에 같이 출연하며 부부의 연을 맺었다. 손예진은 영화 ‘어쩔수가없다’로 7년 만에 스크린에 컴백했다. 박찬욱 감독의 신작"
"안효섭X이민호 '전독시', 오늘(1일) 부터 안방에서 본다","영화 '전지적 독자 시점'이 안방으로 온다. 1일 판타지 액션 영화 '전지적 독자 시점'이 IPTV와 VOD 서비스를 시작한다. 10년 이상 연재된 소설이 완결된 날 소설 속 세계가 현실이 되어 버리고, 유일한 독자였던 '김독자'가 소설의 주인공 '유중혁' 그리고 동료들과 함께 멸망한 세계에서 살아남기 위한 판타지 액션 영화 '전지적 독자 시점'은 눈 뗄 수 없게 만드는 액션 시퀀스와 황홀하고 압도적인 스케일의 세계관으로 다채로운 재미를 선사하며 국내를 넘어 글로벌 관객들까지 사로잡았다. 배우 안효섭 이민호 채수빈 나나 지수 등이 주연을 맡아 올 여름 극장가에서 관객을 만났다. '전지적 독자 시점'만의 시네마틱 경험은 IPTV 서비스인 KT Genie TV, SK Btv, LG U+TV는 물론 KT스카이라이프, 홈초이스, 쿠팡플레이, 웨이브(Wavve), 구글플레이, Apple TV, 씨네폭스 등 다양한 플랫폼에서 만날 수 있다. VOD 서비스 오픈에 맞추어 IPTV 및 쿠팡플레이에"
혁명이 사라진 시대? 무너진 디카프리오가 던진 묵직한 질문,"필자가 대학생일 때만 해도 혁명은 당대의 현실이자, 자본주의 외 다른 발전 경로를 꿈꾸는 이들의 휘장이었다. 체 게바라가 아이돌처럼 젊은이의 가슴에 자리 잡아 열정의 불을 지피고, 서구 민주주의와 냉혹한 자본주의의 대안과 변혁적 이데올로기를 모색했다. 한국 사회 역시 1990년대의 어느 시점까지는 근본적인 사회 변혁에 관한 논의가 치열하게 이어졌다. 체제 전복은 지배자들에게 불온한 구호였겠으나, 청춘의 현실적인 행동 목표이자, 지성사의 중심에 놓인 뜨거운 화두였다. 혁명이 사라진 시대에 던지는 혁명적 질문 그러나 프랜시스 후쿠야마가 '역사의 종언'을 선언한 이래, 정말로 공교롭게 역사는 정지하고 말았다. 혁명이라는 거대 서사는 힘을 잃었고 사회변혁 담론은 폐기된 유물이 되었다. 냉전 종식, 세계화의 전면적 도래와 함께 전 지구적 자본주의 시스템과 결합한 신자유주의가 유일한 이데올로기의 승자로 군림하면서, 다른 세상을 상상하는 모든 진보적 논의가 사실상 자취를 감추었다. 포스트모더니즘"
"변성현 '굿뉴스' 독보적 스타일로 실화 재해석…풍자와 유머, 장르적 쾌감까지","넷플릭스 영화 ‘굿뉴스’가 변성현 감독만의 독보적인 스타일을 선보이는 웰메이드 영화로 기대를 모은다. 제50회 토론토국제영화제와 제30회 부산국제영화제 상영 이후 대중과 평단 모두에게 뜨거운 호평을 이끌어내며 화제를 모은 넷플릭스 영화 ‘굿뉴스’가 변성현 감독만의 독보적인 스타일로 완성된 웰메이드 영화로 기대를 더한다. ‘굿뉴스’는 1970년대, 무슨 수를 써서라도 납치된 비행기를 착륙시키고자 한 자리에 모인 사람들의 수상한 작전을 그린 영화다. 제70회 칸 영화제에 초청되었던 ‘불한당: 나쁜 놈들의 세상’, 제73회 베를린국제영화제에 초청되었던 넷플릭스 영화 ‘길복순’ 등의 작품으로 탁월한 연출력과 특유의 스타일리시함을 인정받은 변성현 감독. 그가 자신의 필모그래피 사상 세 번째 국제영화제 초청작인 ‘굿뉴스’를 통해 긴박한 상황 속 반전과 위트, 장르적 쾌감까지 선보이며 또 한번 센세이션을 일으킬 예정이다. ‘굿뉴스’는 1970년, 모두의 운명이 걸린 사상 초유의 더블 하이재킹 작"
"임시완, 스스로도 너무나 아쉬워…""액션에 특화된 배우였다면""[인터뷰③]","배우 임시완이 '사마귀' 반응에 대한 생각을 밝혔다. 지난달 30일 서울 종로구 삼청동에 위치한 한 카페에서 넷플릭스 영화 '사마귀' 임시완과 인터뷰를 진행했다. '사마귀'는 모든 룰이 무너진 살인청부업계에 긴 휴가 후 컴백한 A급 킬러 사마귀(임시완 분)와 그의 훈련생 동기이자 라이벌 재이(박규영 분) 그리고 은퇴한 레전드 킬러 독고(조우진 분)가 일인자 자리를 놓고 벌이는 대결을 그린 액션 영화다. 임시완은 천부적인 재능의 A급 킬러 사마귀 한울을 연기했다. 이날 임시완은 공개 이후 호불호가 갈리고 있는 자신의 작품에 대해 ""아직 반응을 찾아보지는 못했는데, 호불호가 있을 법한 장르라고 생각한다. 장르나 성격 자체가 모든 사람을 아우르는, 대중적인 장르는 아니여서 찍기 전부터 그렇게 생각했다""고 말문을 열었다. 이어 작품의 완성도에 대해서도 아쉽다는 반응을 보였다. 임시완은 ""더 잘 만들 수 있었다는 생각이 든다. 액션이 주된 장르이기에, 내가 만약 액션을 누구보다 잘하고 특화된"
‘사마귀’ 글로벌 TOP 10 영화 3위‥잠깐 나온 전도연의 아우라,"넷플릭스 영화 '사마귀'가 공개 3일 만에 글로벌 TOP 10 영화(비영어) 부문 3위를 기록했다. 영화 '사마귀'(감독 이태성)는 모든 룰이 무너진 살인청부업계에 긴 휴가 후 컴백한 A급 킬러 '사마귀'와 그의 훈련생 동기이자 라이벌 '재이' 그리고 은퇴한 레전드 킬러&#8203; '독고'가 1인자 자리를 놓고 벌이는 대결을 그린 액션 영화다. 지난 9월 26일 공개 이후 3일 만에 700만(7,000,000) 시청 수(시청 시간을 작품의 총 러닝 타임으로 나눈 값)를 기록한 '사마귀'는 글로벌 TOP 10 영화(비영어) 부문 3위에 등극했다. 여기에 대한민국뿐 아니라 스페인, 태국, 홍콩, 페루 등 총 44개 국가의 TOP 10 리스트에도 올랐다. 한편, 이를 기념해 공개된 스틸은 모든 룰이 무너진 살인청부업계에서 1인자 자리를 차지하기 위해 모인 이들 사이의 복잡미묘한 관계성과 절체절명의 순간들, 그리고 빛나는 배우들의 열연 모먼트가 담겨있어 이목을 모은다."
"S27M 엔터테인먼트, 뮤지컬 배우 대거 영입","S27M 엔터테인먼트가 종합 엔터사로 발돋움한다. 1일 S27M 엔터테인먼트는 “뮤지컬 배우 한선천, 성민재, 이재림, 유주연, 백승렬, 임재윤, 박소은과 전속계약을 체결했다. 이들이 작품 활동을 통해 다채로운 매력을 드러낼 수 있도록 지원하겠다”고 전했다. 현대무용가이자 뮤지컬 배우로 활약 중인 한선천은 킹키부츠, 배쓰맨, 젊음의 행진 등에 출연해 실력을 인정받은 바 있다. 걸그룹 소나무 출신의 성민재는 빨래, 파가니니, 광화문 연가에서 뛰어난 가창력과 안정적인 연기력을 보였다. 이재림은 작은 아씨들, 더데빌, 파과 등 다수 작품에 출연했고 킹키부츠, 노트르담 드 파리 등에 출연한 유주연, 인서트 코인 등 인기 작품에서 실력을 인정받은 백승렬 역시 눈길을 끈다. 마지막으로 임재윤과 박소은까지 무한한 가능성과 재능을 가진 신인들까지 대거 영입했다. 최근 베테랑 배우 성병숙을 비롯해 정수영, 임지은 등을 영입하며 내실을 다진 S27M 엔터테인먼트는 실력과 매력을 겸비한 7명의 뮤지컬"
"'나우 유 씨 미 3', 11월 개봉 확정…지상 최고의 쇼 예고","나쁜 놈들 잡는 마술사기단의 컴백…공식 포스터·예고편 공개 '나우 유 씨 미' 시리즈가 세 번째 이야기로 돌아온다. 배급사 롯데엔터테인먼트는 1일 ""영화 '나우 유 씨 미 3'(감독 루벤 플레셔)가 오는 11월 개봉을 확정 지었다""고 밝히며 공식 포스터와 예고편을 공개했다. 작품은 나쁜 놈들 잡는 마술사기단 호스맨이 더러운 돈의 출처인 하트 다이아몬드를 훔치기 위해 목숨을 건 지상 최고의 마술쇼를 펼치는 블록버스터를 그린다. 영화 '베놈' '언차티드' 등 할리우드 블록버스터 흥행작을 연출한 루벤 플레셔 감독이 메가폰을 잡았다. 개봉 소식과 함께 공개된 포스터에는 '나우 유 씨 미' 시리즈의 오리지널 멤버인 아틀라스(제시 아이젠버그 분)부터 맥키니(우디 해럴슨 분)와 잭(데이브 프랭코 분) 그리고 헨리(아일라 피셔 분)까지 나쁜 놈들 잡는 마술사기단 '포 호스맨'이 모두 담겨 있어 팬들을 설레게 한다. 또한 이들을 지원하는 태디어스(모건 프리먼 분)과 함께 새롭게 등장한 신인 마술사들"
'아바타: 물의 길' 보면 '불과 재' 특별 영상까지…오늘(1일) 재개봉,"오는 12월 '아바타: 불과 재'의 개봉을 앞두고 단 일주일 동안 '아바타: 물의 길'을 극장에서 3D 포맷으로 만나볼 수 있는 가운데, '불과 재' 특별 영상까지 준비돼 있어 팬들의 기대를 모으고 있다. 지난 2022년 12월, 국내 1080만 관객을 동원하며 역대급 신드롬을 자아냈던 '아바타: 물의 길'이 오늘(1일)부터 단 일주일간 CGV와 메가박스, 롯데시네마에서 3D 포맷으로 재개봉한다. '아바타: 물의 길'은 아름답고 경이로운 판도라의 바다를 스크린에 담아내며 전 세계 영화 팬들에게 궁극의 영화적 경험을 선사한 작품이다. 이와 함께 '아바타' 시리즈의 연출을 맡은 제임스 카메론 감독이 '아바타: 물의 길' 재개봉을 기념해 한국 팬들에게 특별 인사를 전했다. 제임스 카메론 감독은 ""우리는 '아바타'와 '아바타: 물의 길'을 통해 스크린을 넘어선 새로운 세계를 보여드리기 위해 최선을 다했다""며 ""'아바타: 물의 길'이 극장 재개봉으로 돌아옵니다. 다시 판도라로의 여정을 떠나보"
"니콜 키드먼, 톰 크루즈 이어 키스 어번과 파경..재혼 19년만 [★할리우드]","할리우드 배우 니콜 키드먼이 컨트리 가수 키스 어번과 약 20년간의 결혼 생활을 끝낸다. 지난 9월 30일 BBC는 ""니콜 키드먼이 최근 법원에 이혼 소장을 제출했고, 결혼 생활이 '합의할 수 없는 차이'로 인해 더 이상 유지될 수 없다고 밝혔다""고 보도했다. 니콜 키드먼은 네 차례 그래미상을 수상한 컨트리 가수 키스 어번과 지난 2006년 결혼했으며 슬하에 두 딸을 두고 있다. 최근 TMZ는 니콜 키드먼과 키스 어번이 올여름부터 별거 중이라고 보도했고, 특히 이는 니콜 키드먼의 의사가 아니며 ""그는 가정을 지키기 위해 노력했다""고 전했다. 두 사람은 결혼 이후 할리우드 대표 잉꼬부부로 통했다. 콘서트는 물론, 시상식이나 시사회 등에 함께 참석해 서로를 응원하고, 지지하는 모습을 보여주며 공개적인 애정을 과시해왔다. 지난 5월 아카데미 오브 컨트리 뮤직 어워드에서 함께 레드카펫을 밟았고, 지난 6월에는 내슈빌에서 열린 FIFA 클럽 월드컵을 함께 관람하는 모습이 포착되기도 했다. 두"
"[SC인터뷰] ""체지방 7.9kg까지 만들어""…'사마귀' 박규영, '장르가 취향'인 넷플릭스의 딸(종합)","넷플릭스의 딸 배우 박규영(32)이 악바리 근성으로 완성된 킬러로 파격 변신에 나섰다. 넷플릭스 범죄 액션 영화 '사마귀'(이태성 감독, 씨앗필름 제작)에서 사마귀(임시완)의 오랜 친구이자 라이벌 킬러 신재이를 연기한 박규영. 그가 지난달 30일 오전 서울 종로구 삼청동에서 스포츠조선과 만나 '사마귀'의 출연 계기부터 작품에 쏟은 노력을 고백했다. 2023년 공개된 영화 '길복순'(변성현 감독)의 스핀오프인 '사마귀'는 모든 룰이 무너진 살인청부업계에 긴 휴가 후 컴백한 A급 킬러와 그의 훈련생 동기이자 라이벌 그리고 은퇴한 레전드 킬러가 1인자 자리를 놓고 벌이는 대결을 그린 작품이다. 독특하고 흥미로운 킬러 계관 속 라이징 킬러들이 벌이는 혹한 대결을 박진감 넘치는 액션으로 펼쳐냈다. 무엇보다 박규영은 '사마귀'에서 사마귀와 함께 훈련받은 뛰어난 실력을 가진 킬러를 연기해 새로운 액션 여제 탄생을 예고했다. 박규영은 뛰어난 실력을 갖췄지만 천재적인 재능을 가진 동료 사마귀에게 묘"
"윤상정, '인턴' 합류… 최민식과 동기",배우 윤상정이 '인턴'에 캐스팅됐다. 윤상정은 영화 '인턴'에서 윤희를 연기한다. 통통튀는 매력이 돋보이는 '젠지' 인턴으로 인턴 동기인 최민식·김요한과 긴밀한 호흡을 보여주며 극의 활기를 책임진다. 윤상정 특유의 러블리하면서도 개성 넘치는 연기 스타일이 더해져 관객들에게 따뜻한 공감과 웃음을 선사할 것으로 기대를 모은다. '인턴'은 일에 있어서는 그 누구보다 열정 넘치는 패션회사 CEO 한소희(선우)가 풍부한 인생 경험을 가진 최민식(기호)을 실버 인턴으로 채용하면서 일어나는 이야기를 그린다. 2015년 전 세계적인 흥행에 성공한 동명의 영화를 한국적 감성과 시대의 변화에 맞춰 리메이크한다. 최민식·한소희·김금순·김준한·류혜영·김요한·박예니 등이 출연한다. 윤상정은 다양한 작품에서 활약하고 있다. 올초 티빙 '스터디그룹'에서 생동감 넘치는 연기와 작중 인물들과 완벽한 팀워크로 호평을 받았다.
"윤가은 감독 '세계의 주인', 핑야오국제영화제 2관왕","윤가은 감독의 신작 '세계의 주인'이 제9회 핑야오 국제영화제에서 2관왕을 차지했다. '세계의 주인'은 지난달 30일 폐막한 제9회 핑야오 국제영화제에서 로베르토 로셀리니상(Roberto Rossellini Awards) 심사위원상과 관객상을 휩쓸며 영화제 최대 화제작으로 떠올랐다. '세계의 주인'은 인싸와 관종 사이, 속을 알 수 없는 열여덟 여고생 주인이 전교생이 참여한 서명 운동을 홀로 거부한 뒤 의문의 쪽지를 받기 시작하면서 벌어지는 이야기로, '우리들' '우리집'을 연출한 윤가은 감독이 6년 만에 내놓은 신작이다. 영화는 지난 9월 토론토 국제영화제 경쟁 부문인 플랫폼 부문에 한국 영화 최초이자 유일한 작품으로 초청돼 월드 프리미어를 치른 이후, 세계적인 거장 지아장커가 창립한 핑야오 국제영화제에서 아시안 프리미어까지 성황리에 마치며 해외 영화 팬들의 뜨거운 반응을 끌어냈다. 특히, 핑야오 국제영화제에서는 국제신인경쟁 부문인 크라우칭 타이거스 섹션의 11개 작품 중 선정되는"
